PRAGMA foreign_keys=OFF;
BEGIN TRANSACTION;
CREATE TABLE IF NOT EXISTS "my_diet" (
    fdc_id TEXT NOT NULL,
    grams_per_day REAL NOT NULL
);
INSERT INTO my_diet VALUES('168462',500.0);
INSERT INTO my_diet VALUES('tomato_puree_low_salt',500.0);
INSERT INTO my_diet VALUES('173757',400.0);
INSERT INTO my_diet VALUES('174276',32.0);
INSERT INTO my_diet VALUES('174262',50.0);
INSERT INTO my_diet VALUES('2346394',18.0);
INSERT INTO my_diet VALUES('169705',180.0);
INSERT INTO my_diet VALUES('calcium_supplement',1.0);
INSERT INTO my_diet VALUES('b12_supplement',1.0);
INSERT INTO my_diet VALUES('iodine_supplement',1.0);
INSERT INTO my_diet VALUES('tap_water',2170.0);
INSERT INTO my_diet VALUES('my_green_tea',500.0);
INSERT INTO my_diet VALUES('d3k2_combo',1.0);
COMMIT;
PRAGMA foreign_keys=OFF;
BEGIN TRANSACTION;
CREATE TABLE my_nutrient_targets (
    nutrient_id TEXT PRIMARY KEY,          -- Tuo ID logico (es. 'calcium')
    usda_nutrient_id INTEGER,              -- Corrisponde a nutrient.id in USDA; NULL se non esiste
    nutrient_name TEXT NOT NULL,           -- Identico a nutrient.name in USDA
    unit_name TEXT NOT NULL,               -- Identico a nutrient.unit_name in USDA ('mg', 'µg', ecc.)
    dri_value REAL,                        -- RDA/EAR ufficiale (adulto 51+ anni, NIH/EFSA)
    optimal_value REAL,                    -- Obiettivo ottimale (Greger/prevenzione)
    optimal_source TEXT,                   -- Fonte dell'obiettivo ottimale
    vegan_reliability TEXT CHECK(vegan_reliability IN ('high', 'medium', 'low', 'supplement_required')),
    notes TEXT
, category TEXT DEFAULT 'other', display_order INTEGER DEFAULT 999);
INSERT INTO my_nutrient_targets VALUES('vitamin_a',1104,'Vitamin A, RAE','UG',900.0,900.0,'MG','medium','Carotenoids from sweet potatoes, spinach','vitamins',10);
INSERT INTO my_nutrient_targets VALUES('vitamin_b1',1165,'Thiamin','MG',1.199999999999999956,1.199999999999999956,'NIH RDA','high','Legumes, whole grains','vitamins',10);
INSERT INTO my_nutrient_targets VALUES('vitamin_b2',1166,'Riboflavin','MG',1.300000000000000044,1.300000000000000044,'NIH RDA','high','Mushrooms, almonds, fortified foods','vitamins',10);
INSERT INTO my_nutrient_targets VALUES('vitamin_b3',1167,'Niacin','MG',16.0,16.0,'NIH RDA','high','Peanuts, whole grains','vitamins',10);
INSERT INTO my_nutrient_targets VALUES('vitamin_b5',1168,'Pantothenic acid','MG',5.0,5.0,'NIH AI','high','Ubiquitous in plant foods','vitamins',10);
INSERT INTO my_nutrient_targets VALUES('vitamin_b6',1169,'Vitamin B-6','MG',1.699999999999999956,1.699999999999999956,'NIH RDA','high','Chickpeas, bananas, potatoes','vitamins',10);
INSERT INTO my_nutrient_targets VALUES('biotin',1106,'Biotin','UG',30.0,30.0,'NIH AI','medium','Nuts, seeds, legumes; your intake: 53.6 µg','vitamins',10);
INSERT INTO my_nutrient_targets VALUES('folate',1170,'Folate, DFE','UG',400.0,400.0,'NIH RDA','high','Leafy greens, lentils, asparagus','vitamins',10);
INSERT INTO my_nutrient_targets VALUES('vitamin_b12',1162,'Vitamin B-12','UG',2.399999999999999912,250.0,'Greger: 250 µg cyanocobalamin daily','supplement_required','No reliable whole-food vegan sources; you use 500 µg','vitamins',10);
INSERT INTO my_nutrient_targets VALUES('vitamin_c',1163,'Vitamin C, total ascorbic acid','MG',90.0,200.0,'Greger: ~200 mg for optimal antioxidant support','high','Bell peppers, broccoli, citrus','vitamins',10);
INSERT INTO my_nutrient_targets VALUES('vitamin_d',1175,'Vitamin D (D2 + D3)','UG',15.0,50.0,'Greger: 2000 IU (50 µg) daily for most adults','supplement_required','You use 50 µg; minimal sun exposure assumed','vitamins',10);
INSERT INTO my_nutrient_targets VALUES('vitamin_e',1109,'Vitamin E (alpha-tocopherol)','MG',15.0,15.0,'NIH RDA; no strong evidence for higher doses','high','Sunflower seeds, almonds, spinach','vitamins',10);
INSERT INTO my_nutrient_targets VALUES('vitamin_k1',1177,'Vitamin K (phylloquinone)','UG',120.0,120.0,'NIH AI','high','Kale, spinach, broccoli (you eat 500g spinach)','vitamins',10);
INSERT INTO my_nutrient_targets VALUES('vitamin_k2_mk7',NULL,'Vitamin K2 (Menaquinone-7)','UG',NULL,100.0,'Schurgers et al. 2007; supports arterial health','low','100 µg MK-7 ensures full activation of MGP (arterial health) and osteocalcina (bone health). Taken with D3 for synergy.','vitamins',10);
INSERT INTO my_nutrient_targets VALUES('calcium',1087,'Calcium, Ca','MG',1000.0,1200.0,'Greger: 600–1200 mg from food + supplement if needed','medium','You get 123.6%; sources: fortified plant milk, kale, tahini','minerals',20);
INSERT INTO my_nutrient_targets VALUES('chromium',1090,'Chromium, Cr','UG',30.0,35.0,'NIH AI','high','Broccoli, whole grains, nuts','minerals',20);
INSERT INTO my_nutrient_targets VALUES('copper',1091,'Copper, Cu','MG',0.9000000000000000222,0.9000000000000000222,'NIH RDA','high','Cashews, sesame seeds, lentils','minerals',20);
INSERT INTO my_nutrient_targets VALUES('iodine',1107,'Iodine','UG',150.0,150.0,'NIH RDA; use iodized salt or supplement','medium','Assume iodized salt; seaweed variable/risky','minerals',20);
INSERT INTO my_nutrient_targets VALUES('iron',1089,'Iron, Fe','MG',8.0,14.0,'Greger: higher intake advised for vegans due to non-heme absorption','medium','Lentils, tofu, spinach; pair with vitamin C','minerals',20);
INSERT INTO my_nutrient_targets VALUES('magnesium',1092,'Magnesium, Mg','MG',420.0,420.0,'NIH RDA','high','Almonds, black beans, oats','minerals',20);
INSERT INTO my_nutrient_targets VALUES('manganese',1093,'Manganese, Mn','MG',2.299999999999999822,2.299999999999999822,'NIH AI','high','Whole grains, nuts, leafy greens','minerals',20);
INSERT INTO my_nutrient_targets VALUES('molybdenum',1094,'Molybdenum, Mo','UG',45.0,45.0,'NIH RDA','high','Legumes, grains','minerals',20);
INSERT INTO my_nutrient_targets VALUES('phosphorus',1095,'Phosphorus, P','MG',700.0,700.0,'NIH RDA','high','Ubiquitous in plant proteins','minerals',20);
INSERT INTO my_nutrient_targets VALUES('potassium',1096,'Potassium, K','MG',2600.0,4700.0,'NIH AI; Greger emphasizes high-potassium diets','high','Bananas, potatoes, spinach, beans','minerals',20);
INSERT INTO my_nutrient_targets VALUES('selenium',1097,'Selenium, Se','UG',55.0,55.0,'NIH RDA','medium','Brazil nuts (1–2/day); soil-dependent','minerals',20);
INSERT INTO my_nutrient_targets VALUES('sodium',1098,'Sodium, Na','MG',1500.0,1500.0,'NIH Chronic Disease Risk Reduction Intake','low','You report 1069.7 mg; well below limit','minerals',20);
INSERT INTO my_nutrient_targets VALUES('zinc',1100,'Zinc, Zn','MG',11.0,15.0,'Greger: higher intake for vegans due to phytates','medium','Pumpkin seeds, lentils, tofu','minerals',20);
INSERT INTO my_nutrient_targets VALUES('choline',1179,'Choline, total','MG',550.0,700.0,'Greger aligns with EFSA Adequate Intake; supports liver/brain','medium','You get 687.6 mg; sources: soy, chickpeas, broccoli','vitamins',10);
INSERT INTO my_nutrient_targets VALUES('energy',1008,'Energy','KCAL',NULL,2000.0,'Cronometer Gold average','high','Target based on consistent daily intake','energy',0);
INSERT INTO my_nutrient_targets VALUES('ala',NULL,'ALA','G',1.600000000000000088,2.0,NULL,'medium',NULL,'fats',30);
INSERT INTO my_nutrient_targets VALUES('la',NULL,'LA','G',17.0,17.0,NULL,'high',NULL,'fats',30);
INSERT INTO my_nutrient_targets VALUES('lycopene',NULL,'Lycopene','UG',NULL,10000.0,NULL,'high',NULL,'vitamins',10);
INSERT INTO my_nutrient_targets VALUES('lutein_zeaxanthin',NULL,'Lutein + zeaxanthin','UG',NULL,10000.0,NULL,'high',NULL,'vitamins',10);
INSERT INTO my_nutrient_targets VALUES('tryptophan',NULL,'Tryptophan','G',0.4799999999999999823,0.4799999999999999823,NULL,'high',NULL,'amino_acids',40);
INSERT INTO my_nutrient_targets VALUES('threonine',NULL,'Threonine','G',2.399999999999999912,2.399999999999999912,NULL,'high',NULL,'amino_acids',40);
INSERT INTO my_nutrient_targets VALUES('isoleucine',NULL,'Isoleucine','G',3.120000000000000106,3.120000000000000106,NULL,'high',NULL,'amino_acids',40);
INSERT INTO my_nutrient_targets VALUES('leucine',NULL,'Leucine','G',4.679999999999999716,4.679999999999999716,NULL,'high',NULL,'amino_acids',40);
INSERT INTO my_nutrient_targets VALUES('lysine',NULL,'Lysine','G',3.600000000000000088,3.600000000000000088,NULL,'high',NULL,'amino_acids',40);
INSERT INTO my_nutrient_targets VALUES('met_cys',NULL,'Cysteine and methionine(sulfer containig AA)','G',1.800000000000000044,1.800000000000000044,NULL,'high',NULL,'amino_acids',40);
INSERT INTO my_nutrient_targets VALUES('phe_tyr',NULL,'Phenylalanine and tyrosine (aromatic  AA)','G',3.0,3.0,NULL,'high',NULL,'amino_acids',40);
INSERT INTO my_nutrient_targets VALUES('valine',NULL,'Valine','G',3.120000000000000106,3.120000000000000106,NULL,'high',NULL,'amino_acids',40);
INSERT INTO my_nutrient_targets VALUES('water',NULL,'Water','G',3700.0,3700.0,NULL,NULL,NULL,'hydration',0);
INSERT INTO my_nutrient_targets VALUES('egcg',NULL,'Epigallocatechin gallate (EGCG)','MG',NULL,200.0,NULL,NULL,NULL,'vitamins',5);
INSERT INTO my_nutrient_targets VALUES('caffeine',NULL,'Caffeine','MG',NULL,200.0,NULL,NULL,NULL,'vitamins',6);
COMMIT;
PRAGMA foreign_keys=OFF;
BEGIN TRANSACTION;
CREATE TABLE my_diet_nutrients (
    fdc_id INTEGER NOT NULL,          -- riferimento a my_diet.fdc_id
    nutrient_name TEXT NOT NULL,      -- es. 'Choline, total'
    unit_name TEXT NOT NULL,          -- es. 'mg'
    amount_per_100g REAL NOT NULL     -- valore per 100g dell'alimento
);
INSERT INTO my_diet_nutrients VALUES(173757,'Choline, total','MG',49.0);
INSERT INTO my_diet_nutrients VALUES(173757,'Biotin','UG',3.0);
INSERT INTO my_diet_nutrients VALUES(174276,'Choline, total','MG',250.0);
INSERT INTO my_diet_nutrients VALUES(174276,'Biotin','UG',10.0);
INSERT INTO my_diet_nutrients VALUES(1750353,'Choline, total','MG',10.0);
INSERT INTO my_diet_nutrients VALUES(1750353,'Biotin','UG',0.5);
INSERT INTO my_diet_nutrients VALUES(2346394,'Choline, total','MG',38.0);
INSERT INTO my_diet_nutrients VALUES(2346394,'Biotin','UG',1.5);
INSERT INTO my_diet_nutrients VALUES(2346396,'Choline, total','MG',40.0);
INSERT INTO my_diet_nutrients VALUES(2346396,'Biotin','UG',2.5);
INSERT INTO my_diet_nutrients VALUES('calcium_supplement','Calcium, Ca','MG',30000.0);
INSERT INTO my_diet_nutrients VALUES('calcium_supplement','Energy','KCAL',0.0);
INSERT INTO my_diet_nutrients VALUES('b12_supplement','Vitamin B-12','UG',100000.0);
INSERT INTO my_diet_nutrients VALUES('b12_supplement','Energy','KCAL',0.0);
INSERT INTO my_diet_nutrients VALUES('d3_supplement','Vitamin D (D2 + D3)','UG',10000.0);
INSERT INTO my_diet_nutrients VALUES('d3_supplement','Energy','KCAL',0.0);
INSERT INTO my_diet_nutrients VALUES('iodine_supplement','Iodine','UG',45000.0);
INSERT INTO my_diet_nutrients VALUES('iodine_supplement','Energy','KCAL',0.0);
INSERT INTO my_diet_nutrients VALUES('tap_water','Calcium, Ca','MG',3.0);
INSERT INTO my_diet_nutrients VALUES('tap_water','Magnesium, Mg','MG',1.0);
INSERT INTO my_diet_nutrients VALUES('tap_water','Sodium, Na','MG',2.0);
INSERT INTO my_diet_nutrients VALUES('tap_water','Iodine','UG',0.0);
INSERT INTO my_diet_nutrients VALUES(2346396,'Energy','KCAL',367.0);
INSERT INTO my_diet_nutrients VALUES(2346394,'Energy','KCAL',654.0);
INSERT INTO my_diet_nutrients VALUES(1109430,'ALA','G',9.080000000000000071);
INSERT INTO my_diet_nutrients VALUES(1109430,'LA','G',38.09000000000000342);
INSERT INTO my_diet_nutrients VALUES(2346396,'Chromium, Cr','UG',13.5);
INSERT INTO my_diet_nutrients VALUES(2346394,'Chromium, Cr','UG',10.0);
INSERT INTO my_diet_nutrients VALUES(169074,'Chromium, Cr','UG',0.5);
INSERT INTO my_diet_nutrients VALUES(168462,'Chromium, Cr','UG',0.4000000000000000222);
INSERT INTO my_diet_nutrients VALUES(173757,'Chromium, Cr','UG',1.800000000000000044);
INSERT INTO my_diet_nutrients VALUES(168462,'Cysteine and methionine(sulfer containig AA)','G',0.0879999999999999949);
INSERT INTO my_diet_nutrients VALUES(169074,'Cysteine and methionine(sulfer containig AA)','G',0.02099999999999999783);
INSERT INTO my_diet_nutrients VALUES(173757,'Cysteine and methionine(sulfer containig AA)','G',0.2349999999999999867);
INSERT INTO my_diet_nutrients VALUES(174276,'Cysteine and methionine(sulfer containig AA)','G',2.176000000000000157);
INSERT INTO my_diet_nutrients VALUES(2346394,'Cysteine and methionine(sulfer containig AA)','G',0.1900000000000000022);
INSERT INTO my_diet_nutrients VALUES(168462,'Phenylalanine and tyrosine (aromatic  AA)','G',0.2369999999999999885);
INSERT INTO my_diet_nutrients VALUES(169074,'Phenylalanine and tyrosine (aromatic  AA)','G',0.05399999999999999245);
INSERT INTO my_diet_nutrients VALUES(173757,'Phenylalanine and tyrosine (aromatic  AA)','G',0.6949999999999999512);
INSERT INTO my_diet_nutrients VALUES(174276,'Phenylalanine and tyrosine (aromatic  AA)','G',7.814999999999999503);
INSERT INTO my_diet_nutrients VALUES(2346394,'Phenylalanine and tyrosine (aromatic  AA)','G',1.036699999999999955);
INSERT INTO my_diet_nutrients VALUES('tap_water','Water','G',100.0);
INSERT INTO my_diet_nutrients VALUES('my_green_tea','Water','G',99.5);
INSERT INTO my_diet_nutrients VALUES('my_green_tea','Vitamin C, total ascorbic acid','MG',0.5300000000000000266);
INSERT INTO my_diet_nutrients VALUES('my_green_tea','Potassium, K','MG',1.379999999999999894);
INSERT INTO my_diet_nutrients VALUES('my_green_tea','Epigallocatechin gallate (EGCG)','MG',68.0);
INSERT INTO my_diet_nutrients VALUES('my_green_tea','Caffeine','MG',6.0);
INSERT INTO my_diet_nutrients VALUES('d3k2_combo','Vitamin D (D2 + D3)','UG',5000.0);
INSERT INTO my_diet_nutrients VALUES('d3k2_combo','Vitamin K2 (Menaquinone-7)','UG',10000.0);
INSERT INTO my_diet_nutrients VALUES('tomato_puree_low_salt','Vitamin E, added','MG',0.0);
INSERT INTO my_diet_nutrients VALUES('tomato_puree_low_salt','Fluoride, F','UG',34.89999999999999858);
INSERT INTO my_diet_nutrients VALUES('tomato_puree_low_salt','Phosphorus, P','MG',27.0);
INSERT INTO my_diet_nutrients VALUES('tomato_puree_low_salt','Betaine','MG',0.8000000000000000444);
INSERT INTO my_diet_nutrients VALUES('tomato_puree_low_salt','Fatty acids, total monounsaturated','G',0.04399999999999999745);
INSERT INTO my_diet_nutrients VALUES('tomato_puree_low_salt','Tocopherol, gamma','MG',0.1000000000000000055);
INSERT INTO my_diet_nutrients VALUES('tomato_puree_low_salt','Niacin','MG',0.990999999999999993);
INSERT INTO my_diet_nutrients VALUES('tomato_puree_low_salt','SFA 12:0','G',0.0);
INSERT INTO my_diet_nutrients VALUES('tomato_puree_low_salt','Folate, DFE','UG',9.0);
INSERT INTO my_diet_nutrients VALUES('tomato_puree_low_salt','Folic acid','UG',0.0);
INSERT INTO my_diet_nutrients VALUES('tomato_puree_low_salt','Vitamin K (Dihydrophylloquinone)','UG',0.0);
INSERT INTO my_diet_nutrients VALUES('tomato_puree_low_salt','SFA 18:0','G',0.01099999999999999937);
INSERT INTO my_diet_nutrients VALUES('tomato_puree_low_salt','PUFA 18:3','G',0.006000000000000000124);
INSERT INTO my_diet_nutrients VALUES('tomato_puree_low_salt','Energy','kJ',102.0);
INSERT INTO my_diet_nutrients VALUES('tomato_puree_low_salt','Cryptoxanthin, beta','UG',3.0);
INSERT INTO my_diet_nutrients VALUES('tomato_puree_low_salt','Magnesium, Mg','MG',15.0);
INSERT INTO my_diet_nutrients VALUES('tomato_puree_low_salt','Water','G',91.28000000000000113);
INSERT INTO my_diet_nutrients VALUES('tomato_puree_low_salt','Sodium, Na','MG',118.0);
INSERT INTO my_diet_nutrients VALUES('tomato_puree_low_salt','PUFA 22:5 n-3 (DPA)','G',0.0);
INSERT INTO my_diet_nutrients VALUES('tomato_puree_low_salt','PUFA 18:4','G',0.0);
INSERT INTO my_diet_nutrients VALUES('tomato_puree_low_salt','SFA 14:0','G',0.0);
INSERT INTO my_diet_nutrients VALUES('tomato_puree_low_salt','Fatty acids, total polyunsaturated','G',0.1209999999999999965);
INSERT INTO my_diet_nutrients VALUES('tomato_puree_low_salt','Total lipid (fat)','G',0.2999999999999999889);
INSERT INTO my_diet_nutrients VALUES('tomato_puree_low_salt','Glutamic acid','G',0.5859999999999999654);
INSERT INTO my_diet_nutrients VALUES('tomato_puree_low_salt','Selenium, Se','UG',0.5999999999999999778);
INSERT INTO my_diet_nutrients VALUES('tomato_puree_low_salt','Isoleucine','G',0.02500000000000000138);
INSERT INTO my_diet_nutrients VALUES('tomato_puree_low_salt','Vitamin A, RAE','UG',22.0);
INSERT INTO my_diet_nutrients VALUES('tomato_puree_low_salt','Thiamin','MG',0.02400000000000000049);
INSERT INTO my_diet_nutrients VALUES('tomato_puree_low_salt','Arginine','G',0.02800000000000000058);
INSERT INTO my_diet_nutrients VALUES('tomato_puree_low_salt','Copper, Cu','MG',0.1150000000000000049);
INSERT INTO my_diet_nutrients VALUES('tomato_puree_low_salt','MUFA 20:1','G',0.0);
INSERT INTO my_diet_nutrients VALUES('tomato_puree_low_salt','MUFA 16:1','G',0.002000000000000000041);
INSERT INTO my_diet_nutrients VALUES('tomato_puree_low_salt','Vitamin D (D2 + D3)','UG',0.0);
INSERT INTO my_diet_nutrients VALUES('tomato_puree_low_salt','Vitamin C, total ascorbic acid','MG',7.0);
INSERT INTO my_diet_nutrients VALUES('tomato_puree_low_salt','Manganese, Mn','MG',0.1130000000000000032);
INSERT INTO my_diet_nutrients VALUES('tomato_puree_low_salt','Vitamin B-12','UG',0.0);
INSERT INTO my_diet_nutrients VALUES('tomato_puree_low_salt','MUFA 22:1','G',0.0);
INSERT INTO my_diet_nutrients VALUES('tomato_puree_low_salt','Sucrose','G',0.07000000000000000667);
INSERT INTO my_diet_nutrients VALUES('tomato_puree_low_salt','Proline','G',0.02100000000000000131);
INSERT INTO my_diet_nutrients VALUES('tomato_puree_low_salt','PUFA 18:2','G',0.1150000000000000049);
INSERT INTO my_diet_nutrients VALUES('tomato_puree_low_salt','Methionine','G',0.008000000000000000166);
INSERT INTO my_diet_nutrients VALUES('tomato_puree_low_salt','Fatty acids, total trans','G',0.0);
INSERT INTO my_diet_nutrients VALUES('tomato_puree_low_salt','Histidine','G',0.02000000000000000041);
INSERT INTO my_diet_nutrients VALUES('tomato_puree_low_salt','SFA 4:0','G',0.0);
INSERT INTO my_diet_nutrients VALUES('tomato_puree_low_salt','Vitamin B-12, added','UG',0.0);
INSERT INTO my_diet_nutrients VALUES('tomato_puree_low_salt','Alcohol, ethyl','G',0.0);
INSERT INTO my_diet_nutrients VALUES('tomato_puree_low_salt','Fiber, total dietary','G',1.5);
INSERT INTO my_diet_nutrients VALUES('tomato_puree_low_salt','PUFA 20:4','G',0.0);
INSERT INTO my_diet_nutrients VALUES('tomato_puree_low_salt','Cystine','G',0.01299999999999999941);
INSERT INTO my_diet_nutrients VALUES('tomato_puree_low_salt','Pantothenic acid','MG',0.3089999999999999969);
INSERT INTO my_diet_nutrients VALUES('tomato_puree_low_salt','Potassium, K','MG',297.0);
INSERT INTO my_diet_nutrients VALUES('tomato_puree_low_salt','Vitamin E (alpha-tocopherol)','MG',1.439999999999999947);
INSERT INTO my_diet_nutrients VALUES('tomato_puree_low_salt','Glycine','G',0.02599999999999999881);
INSERT INTO my_diet_nutrients VALUES('tomato_puree_low_salt','Theobromine','MG',0.0);
INSERT INTO my_diet_nutrients VALUES('tomato_puree_low_salt','Threonine','G',0.03699999999999999817);
INSERT INTO my_diet_nutrients VALUES('tomato_puree_low_salt','Tyrosine','G',0.01799999999999999863);
INSERT INTO my_diet_nutrients VALUES('tomato_puree_low_salt','Vitamin A, IU','IU',435.0);
INSERT INTO my_diet_nutrients VALUES('tomato_puree_low_salt','Vitamin D (D2 + D3), International Units','IU',0.0);
INSERT INTO my_diet_nutrients VALUES('tomato_puree_low_salt','Fructose','G',1.669999999999999929);
INSERT INTO my_diet_nutrients VALUES('tomato_puree_low_salt','Alanine','G',0.03699999999999999817);
INSERT INTO my_diet_nutrients VALUES('tomato_puree_low_salt','Caffeine','MG',0.0);
INSERT INTO my_diet_nutrients VALUES('tomato_puree_low_salt','Ash','G',1.919999999999999929);
INSERT INTO my_diet_nutrients VALUES('tomato_puree_low_salt','Protein','G',1.199999999999999956);
INSERT INTO my_diet_nutrients VALUES('tomato_puree_low_salt','Riboflavin','MG',0.06500000000000000222);
INSERT INTO my_diet_nutrients VALUES('tomato_puree_low_salt','Tryptophan','G',0.008999999999999999319);
INSERT INTO my_diet_nutrients VALUES('tomato_puree_low_salt','Lycopene','UG',13895.0);
INSERT INTO my_diet_nutrients VALUES('tomato_puree_low_salt','Phenylalanine','G',0.03599999999999999727);
INSERT INTO my_diet_nutrients VALUES('tomato_puree_low_salt','Lysine','G',0.03699999999999999817);
INSERT INTO my_diet_nutrients VALUES('tomato_puree_low_salt','Fatty acids, total saturated','G',0.04100000000000000172);
INSERT INTO my_diet_nutrients VALUES('tomato_puree_low_salt','Tocopherol, beta','MG',0.02000000000000000041);
INSERT INTO my_diet_nutrients VALUES('tomato_puree_low_salt','Glucose','G',1.820000000000000062);
INSERT INTO my_diet_nutrients VALUES('tomato_puree_low_salt','Calcium, Ca','MG',14.0);
INSERT INTO my_diet_nutrients VALUES('tomato_puree_low_salt','SFA 10:0','G',0.0);
INSERT INTO my_diet_nutrients VALUES('tomato_puree_low_salt','Cholesterol','MG',0.0);
INSERT INTO my_diet_nutrients VALUES('tomato_puree_low_salt','SFA 16:0','G',0.03099999999999999978);
INSERT INTO my_diet_nutrients VALUES('tomato_puree_low_salt','Leucine','G',0.03400000000000000244);
INSERT INTO my_diet_nutrients VALUES('tomato_puree_low_salt','Lutein + zeaxanthin','UG',24.0);
INSERT INTO my_diet_nutrients VALUES('tomato_puree_low_salt','Energy','KCAL',24.0);
INSERT INTO my_diet_nutrients VALUES('tomato_puree_low_salt','Vitamin B-6','MG',0.0980000000000000037);
INSERT INTO my_diet_nutrients VALUES('tomato_puree_low_salt','Maltose','G',0.0);
INSERT INTO my_diet_nutrients VALUES('tomato_puree_low_salt','Vitamin K (phylloquinone)','UG',2.799999999999999823);
INSERT INTO my_diet_nutrients VALUES('tomato_puree_low_salt','Valine','G',0.02500000000000000138);
INSERT INTO my_diet_nutrients VALUES('tomato_puree_low_salt','SFA 6:0','G',0.0);
INSERT INTO my_diet_nutrients VALUES('tomato_puree_low_salt','Carotene, alpha','UG',0.0);
INSERT INTO my_diet_nutrients VALUES('tomato_puree_low_salt','Serine','G',0.03500000000000000334);
INSERT INTO my_diet_nutrients VALUES('tomato_puree_low_salt','PUFA 20:5 n-3 (EPA)','G',0.0);
INSERT INTO my_diet_nutrients VALUES('tomato_puree_low_salt','Carotene, beta','UG',259.0);
INSERT INTO my_diet_nutrients VALUES('tomato_puree_low_salt','Retinol','UG',0.0);
INSERT INTO my_diet_nutrients VALUES('tomato_puree_low_salt','Carbohydrate, by difference','G',5.30999999999999961);
INSERT INTO my_diet_nutrients VALUES('tomato_puree_low_salt','Folate, total','UG',9.0);
INSERT INTO my_diet_nutrients VALUES('tomato_puree_low_salt','Choline, total','MG',9.90000000000000035);
INSERT INTO my_diet_nutrients VALUES('tomato_puree_low_salt','PUFA 22:6 n-3 (DHA)','G',0.0);
INSERT INTO my_diet_nutrients VALUES('tomato_puree_low_salt','SFA 8:0','G',0.0);
INSERT INTO my_diet_nutrients VALUES('tomato_puree_low_salt','Aspartic acid','G',0.1829999999999999961);
INSERT INTO my_diet_nutrients VALUES('tomato_puree_low_salt','Lactose','G',0.0);
INSERT INTO my_diet_nutrients VALUES('tomato_puree_low_salt','Folate, food','UG',9.0);
INSERT INTO my_diet_nutrients VALUES('tomato_puree_low_salt','Total Sugars','G',3.560000000000000053);
INSERT INTO my_diet_nutrients VALUES('tomato_puree_low_salt','Zinc, Zn','MG',0.2200000000000000011);
INSERT INTO my_diet_nutrients VALUES('tomato_puree_low_salt','Tocopherol, delta','MG',0.0);
INSERT INTO my_diet_nutrients VALUES('tomato_puree_low_salt','Galactose','G',0.0);
INSERT INTO my_diet_nutrients VALUES('tomato_puree_low_salt','MUFA 18:1','G',0.04299999999999999655);
INSERT INTO my_diet_nutrients VALUES('tomato_puree_low_salt','Iron, Fe','MG',0.959999999999999965);
COMMIT;
