timestamp;BRPM_mean_5min;HRV
2025-09-01 23:15:15;18.4;30.0
2025-09-01 23:20:15;17.2;30.0
2025-09-01 23:25:15;17.4;31.0
2025-09-01 23:30:15;18.4;23.0
2025-09-01 23:35:15;17.6;29.0
2025-09-01 23:40:15;17.0;20.0
2025-09-01 23:45:15;17.0;24.0
2025-09-01 23:50:15;16.8;14.0
2025-09-01 23:55:15;16.6;15.0
2025-09-02 00:00:15;16.4;13.0
2025-09-02 00:05:15;17.2;17.0
2025-09-02 00:10:15;13.8;27.0
2025-09-02 00:15:15;15.0;32.0
2025-09-02 00:20:15;14.4;36.0
2025-09-02 00:25:15;15.2;19.0
2025-09-02 00:30:15;17.4;32.0
2025-09-02 00:35:15;14.0;21.0
2025-09-02 00:40:15;16.2;15.0
2025-09-02 00:45:15;12.75;38.0
2025-09-02 00:50:15;10.6;47.0
2025-09-02 00:55:15;10.0;68.0
2025-09-02 01:00:15;9.0;51.0
2025-09-02 01:05:15;9.0;59.0
2025-09-02 01:10:15;9.2;64.0
2025-09-02 01:15:15;8.8;74.0
2025-09-02 01:20:15;9.4;71.0
2025-09-02 01:25:15;11.0;82.0
2025-09-02 01:30:15;8.8;44.0
2025-09-02 01:35:15;10.4;59.0
2025-09-02 01:40:15;13.0;51.0
2025-09-02 01:45:15;13.4;43.0
2025-09-02 01:50:15;11.8;41.0
2025-09-02 01:55:15;11.6;42.0
2025-09-02 02:00:15;11.0;29.0
2025-09-02 02:05:15;12.0;37.0
2025-09-02 02:10:15;14.4;20.0
2025-09-02 02:15:15;15.8;19.0
2025-09-02 02:20:15;14.8;28.0
2025-09-02 02:25:15;14.0;28.0
2025-09-02 02:30:15;14.2;23.0
2025-09-02 02:35:15;13.2;35.0
2025-09-02 02:40:15;13.2;33.0
2025-09-02 02:45:15;12.4;33.0
2025-09-02 02:50:15;13.0;32.0
2025-09-02 02:55:15;12.0;40.0
2025-09-02 03:00:15;12.8;31.0
2025-09-02 03:05:15;12.4;39.0
2025-09-02 03:10:15;15.2;25.0
2025-09-02 03:15:15;14.0;25.0
2025-09-02 03:20:15;14.8;25.0
2025-09-02 03:25:15;14.0;25.0
2025-09-02 03:30:15;14.2;27.0
2025-09-02 03:35:15;13.2;27.0
2025-09-02 03:40:15;13.0;28.0
2025-09-02 03:45:15;13.2;25.0
2025-09-02 03:50:15;14.0;23.0
2025-09-02 03:55:15;14.2;27.0
2025-09-02 04:00:15;13.666666666666666;61.0
2025-09-02 04:05:15;8.5;47.0
2025-09-02 04:10:15;10.6;42.0
2025-09-02 04:15:15;12.4;32.0
2025-09-02 04:20:15;16.8;54.0
2025-09-02 04:25:15;13.8;52.0
2025-09-02 04:35:15;10.4;69.0
2025-09-02 04:40:15;11.8;58.0
2025-09-02 04:45:15;10.2;42.0
2025-09-02 04:50:15;14.4;39.0
2025-09-02 04:55:15;9.8;43.0
2025-09-02 05:00:15;15.4;48.0
2025-09-02 05:05:15;15.0;49.0
2025-09-02 05:10:15;17.4;42.0
2025-09-02 05:15:15;18.4;43.0
2025-09-02 05:20:15;17.6;54.0
2025-09-02 05:25:15;10.6;55.0
2025-09-02 05:30:15;11.4;48.0
2025-09-02 05:35:15;12.0;61.0
2025-09-02 05:40:15;8.4;47.0
2025-09-02 05:45:15;17.8;41.0
2025-09-02 05:50:15;17.4;41.0
2025-09-02 05:55:15;18.8;32.0
2025-09-02 06:00:15;18.8;27.0
2025-09-02 06:05:15;18.4;31.0
2025-09-02 06:10:15;19.4;28.0
2025-09-02 06:15:15;18.0;35.0
2025-09-02 06:20:15;17.2;34.0
2025-09-02 06:25:15;14.6;30.0
2025-09-02 06:30:15;17.0;27.0
2025-09-02 23:35:15;19.8;28.0
2025-09-02 23:40:15;20.0;23.0
2025-09-02 23:45:15;20.2;24.0
2025-09-02 23:50:15;20.6;22.0
2025-09-02 23:55:15;19.4;25.0
2025-09-03 00:00:15;20.2;26.0
2025-09-03 00:05:15;20.2;25.0
2025-09-03 00:10:15;20.6;28.0
2025-09-03 00:15:15;20.2;27.0
2025-09-03 00:20:15;20.6;29.0
2025-09-03 00:25:15;20.6;31.0
2025-09-03 00:30:15;19.0;27.0
2025-09-03 00:35:15;21.8;25.0
2025-09-03 00:40:15;20.2;24.0
2025-09-03 00:45:15;19.8;30.0
2025-09-03 00:50:15;21.2;29.0
2025-09-03 00:55:15;21.4;26.0
2025-09-03 01:00:15;19.4;26.0
2025-09-03 01:05:15;20.0;27.0
2025-09-03 01:10:15;20.8;26.0
2025-09-03 01:15:15;20.8;29.0
2025-09-03 01:20:15;20.2;30.0
2025-09-03 01:25:15;16.4;25.0
2025-09-03 01:30:15;16.2;24.0
2025-09-03 01:35:15;15.4;50.0
2025-09-03 01:40:15;14.8;48.0
2025-09-03 01:45:15;13.4;37.0
2025-09-03 01:50:15;15.4;20.0
2025-09-03 01:55:15;16.2;29.0
2025-09-03 02:00:15;17.6;30.0
2025-09-03 02:05:15;17.2;36.0
2025-09-03 02:10:15;17.0;29.0
2025-09-03 02:15:15;17.2;33.0
2025-09-03 02:20:15;16.8;28.0
2025-09-03 02:25:15;19.6;36.0
2025-09-03 02:30:15;18.0;34.0
2025-09-03 02:35:15;15.8;32.0
2025-09-03 02:40:15;15.6;41.0
2025-09-03 02:45:15;14.0;26.0
2025-09-03 02:50:15;13.5;28.0
2025-09-03 02:55:15;13.8;31.0
2025-09-03 03:00:15;15.2;33.0
2025-09-03 03:05:15;16.6;35.0
2025-09-03 03:10:15;16.0;27.0
2025-09-03 03:15:15;15.2;20.0
2025-09-03 03:20:15;16.4;24.0
2025-09-03 03:25:15;15.8;37.0
2025-09-03 03:30:15;15.8;34.0
2025-09-03 03:35:15;17.0;31.0
2025-09-03 03:40:15;16.0;31.0
2025-09-03 03:45:15;15.2;39.0
2025-09-03 03:50:15;13.8;44.0
2025-09-03 03:55:15;9.2;51.0
2025-09-03 04:00:15;12.8;39.0
2025-09-03 04:05:15;15.6;17.0
2025-09-03 04:10:15;15.4;31.0
2025-09-03 04:15:15;13.666666666666666;39.0
2025-09-03 04:20:15;19.6;22.0
2025-09-03 04:25:15;16.0;21.0
2025-09-03 04:30:15;17.0;21.0
2025-09-03 04:35:15;18.0;23.0
2025-09-03 04:40:15;18.4;26.0
2025-09-03 04:45:15;18.4;19.0
2025-09-03 04:50:15;17.2;19.0
2025-09-03 04:55:15;17.6;22.0
2025-09-03 05:00:15;17.4;21.0
2025-09-03 05:05:15;18.0;21.0
2025-09-03 05:10:15;16.6;26.0
2025-09-03 05:15:15;16.0;28.0
2025-09-03 05:20:15;17.0;39.0
2025-09-03 05:25:15;15.6;28.0
2025-09-03 05:30:15;13.6;32.0
2025-09-03 05:35:15;16.0;31.0
2025-09-03 05:40:15;15.0;45.0
2025-09-03 05:45:15;15.0;40.0
2025-09-03 05:50:15;13.8;45.0
2025-09-03 05:55:15;16.0;27.0
2025-09-03 06:00:15;16.6;29.0
2025-09-03 06:05:15;15.4;31.0
2025-09-03 06:10:15;13.0;27.0
2025-09-03 06:15:15;16.6;20.0
2025-09-03 22:55:15;17.0;30.0
2025-09-03 23:00:15;18.8;31.0
2025-09-03 23:05:15;18.4;31.0
2025-09-03 23:10:15;18.0;25.0
2025-09-03 23:15:15;19.0;21.0
2025-09-03 23:20:15;20.2;22.0
2025-09-03 23:25:15;20.2;25.0
2025-09-03 23:30:15;19.4;21.0
2025-09-03 23:35:15;18.0;21.0
2025-09-03 23:40:15;20.2;20.0
2025-09-03 23:45:15;20.2;23.0
2025-09-03 23:50:15;18.0;20.0
2025-09-03 23:55:15;19.2;30.0
2025-09-04 00:00:15;16.6;35.0
2025-09-04 00:05:15;16.8;21.0
2025-09-04 00:10:15;16.6;28.0
2025-09-04 00:15:15;20.4;20.0
2025-09-04 00:20:15;18.0;14.0
2025-09-04 00:25:15;17.2;15.0
2025-09-04 00:30:15;18.4;14.0
2025-09-04 00:35:15;17.6;15.0
2025-09-04 00:40:15;18.6;18.0
2025-09-04 00:45:15;18.6;12.0
2025-09-04 00:50:15;18.6;12.0
2025-09-04 00:55:15;18.8;16.0
2025-09-04 01:00:15;18.0;14.0
2025-09-04 01:05:15;18.0;16.0
2025-09-04 01:10:15;21.8;13.0
2025-09-04 01:15:15;18.2;17.0
2025-09-04 01:20:15;19.8;14.0
2025-09-04 01:25:15;22.4;13.0
2025-09-04 01:30:15;20.2;24.0
2025-09-04 01:35:15;19.0;18.0
2025-09-04 01:40:15;19.8;26.0
2025-09-04 01:45:15;17.0;19.0
2025-09-04 01:50:15;19.6;21.0
2025-09-04 01:55:15;17.8;17.0
2025-09-04 02:00:15;19.6;17.0
2025-09-04 02:05:15;19.2;19.0
2025-09-04 02:10:15;17.6;26.0
2025-09-04 02:15:15;17.4;23.0
2025-09-04 02:20:15;16.0;21.0
2025-09-04 02:25:15;19.2;21.0
2025-09-04 02:30:15;18.4;30.0
2025-09-04 02:35:15;18.2;21.0
2025-09-04 02:40:15;14.666666666666666;32.0
2025-09-04 02:45:15;16.2;26.0
2025-09-04 02:50:15;17.0;23.0
2025-09-04 02:55:15;15.8;16.0
2025-09-04 03:00:15;16.6;12.0
2025-09-04 03:05:15;16.6;24.0
2025-09-04 03:10:15;16.0;17.0
2025-09-04 03:15:15;17.0;16.0
2025-09-04 03:20:15;16.4;23.0
2025-09-04 03:25:15;14.8;14.0
2025-09-04 03:30:15;17.2;25.0
2025-09-04 03:35:15;14.2;24.0
2025-09-04 03:40:15;17.2;19.0
2025-09-04 03:45:15;19.0;17.0
2025-09-04 03:50:15;17.8;17.0
2025-09-04 03:55:15;18.2;19.0
2025-09-04 04:00:15;16.4;21.0
2025-09-04 04:05:15;16.0;22.0
2025-09-04 04:10:15;15.4;22.0
2025-09-04 04:15:15;17.4;32.0
2025-09-04 04:20:15;14.4;34.0
2025-09-04 04:25:15;17.5;28.0
2025-09-04 04:30:15;16.6;28.0
2025-09-04 04:35:15;15.6;30.0
2025-09-04 04:40:15;16.6;28.0
2025-09-04 04:45:15;15.0;27.0
2025-09-04 04:50:15;14.6;27.0
2025-09-04 04:55:15;15.0;31.0
2025-09-04 05:00:15;16.8;27.0
2025-09-04 05:05:15;16.2;27.0
2025-09-04 05:10:15;15.6;25.0
2025-09-04 05:15:15;17.6;20.0
2025-09-04 05:20:15;15.6;46.0
2025-09-04 05:25:15;12.4;46.0
2025-09-04 05:30:15;13.2;42.0
2025-09-04 05:35:15;12.2;41.0
2025-09-04 05:40:15;14.2;34.0
2025-09-04 05:45:15;14.0;36.0
2025-09-04 05:50:15;12.6;46.0
2025-09-04 05:55:15;12.4;44.0
2025-09-04 06:00:15;14.8;27.0
2025-09-04 06:05:15;16.0;47.0
2025-09-04 06:10:15;16.2;33.0
2025-09-04 06:15:15;14.6;27.0
2025-09-04 06:20:15;16.4;27.0
2025-09-04 06:25:15;17.0;21.0
2025-09-04 23:20:15;16.666666666666668;28.0
2025-09-04 23:25:15;16.4;31.0
2025-09-04 23:30:15;14.6;32.0
2025-09-04 23:35:15;17.4;26.0
2025-09-04 23:40:15;16.4;28.0
2025-09-04 23:45:15;16.6;24.0
2025-09-04 23:50:15;15.0;26.0
2025-09-04 23:55:15;14.6;29.0
2025-09-05 00:00:15;16.0;28.0
2025-09-05 00:05:15;14.4;32.0
2025-09-05 00:10:15;16.8;20.0
2025-09-05 00:15:15;14.8;29.0
2025-09-05 00:20:15;12.6;27.0
2025-09-05 00:25:15;13.6;21.0
2025-09-05 00:30:15;16.4;22.0
2025-09-05 00:35:15;15.8;20.0
2025-09-05 00:40:15;14.2;22.0
2025-09-05 00:45:15;16.0;27.0
2025-09-05 00:50:15;16.4;21.0
2025-09-05 00:55:15;15.4;21.0
2025-09-05 01:00:15;15.6;21.0
2025-09-05 01:05:15;16.0;19.0
2025-09-05 01:10:15;13.6;38.0
2025-09-05 01:15:15;12.6;29.0
2025-09-05 01:20:15;13.8;31.0
2025-09-05 01:25:15;14.0;24.0
2025-09-05 01:30:15;14.8;25.0
2025-09-05 01:35:15;13.2;31.0
2025-09-05 01:40:15;12.8;29.0
2025-09-05 01:45:15;14.0;26.0
2025-09-05 01:50:15;16.6;18.0
2025-09-05 01:55:15;15.8;19.0
2025-09-05 02:00:15;16.0;16.0
2025-09-05 02:05:15;15.6;24.0
2025-09-05 02:10:15;18.2;21.0
2025-09-05 02:15:15;17.0;20.0
2025-09-05 02:20:15;17.6;18.0
2025-09-05 02:25:15;16.4;20.0
2025-09-05 02:30:15;15.6;24.0
2025-09-05 02:35:15;16.6;24.0
2025-09-05 02:40:15;15.4;29.0
2025-09-05 02:45:15;14.6;42.0
2025-09-05 02:50:15;14.4;33.0
2025-09-05 02:55:15;14.0;23.0
2025-09-05 03:00:15;15.4;21.0
2025-09-05 03:05:15;15.4;21.0
2025-09-05 03:10:15;16.0;25.0
2025-09-05 03:15:15;15.2;23.0
2025-09-05 03:20:15;14.6;39.0
2025-09-05 03:25:15;13.8;46.0
2025-09-05 03:30:15;13.6;37.0
2025-09-05 03:35:15;12.6;45.0
2025-09-05 03:40:15;17.0;34.0
2025-09-05 03:45:15;15.2;28.0
2025-09-05 03:50:15;17.8;27.0
2025-09-05 03:55:15;16.8;30.0
2025-09-05 04:00:15;18.0;25.0
2025-09-05 04:05:15;16.6;35.0
2025-09-05 04:10:15;16.8;74.0
2025-09-05 04:20:15;11.8;48.0
2025-09-05 04:25:15;15.6;35.0
2025-09-05 04:30:15;11.8;47.0
2025-09-05 04:35:15;11.4;41.0
2025-09-05 04:40:15;12.6;52.0
2025-09-05 04:45:15;13.4;50.0
2025-09-05 04:50:15;11.2;54.0
2025-09-05 04:55:15;14.2;43.0
2025-09-05 05:00:15;14.6;45.0
2025-09-05 05:05:15;12.0;57.0
2025-09-05 05:10:15;16.2;32.0
2025-09-05 05:15:15;17.8;27.0
2025-09-05 05:20:15;16.6;34.0
2025-09-05 05:25:15;14.8;34.0
2025-09-05 05:30:15;17.4;26.0
2025-09-05 05:35:15;14.0;49.0
2025-09-05 05:40:15;11.75;51.0
2025-09-05 05:45:15;9.6;39.0
2025-09-05 05:50:15;8.0;49.0
2025-09-05 05:55:15;11.6;35.0
2025-09-05 06:00:15;13.6;37.0
2025-09-05 06:05:15;15.8;30.0
2025-09-05 06:10:15;17.4;30.0
2025-09-05 06:15:15;14.4;39.0
2025-09-05 06:20:15;15.8;44.0
2025-09-05 06:25:15;16.8;33.0
2025-09-05 22:30:15;17.6;31.0
2025-09-05 22:35:15;17.4;22.0
2025-09-05 22:40:15;17.0;23.0
2025-09-05 22:45:15;17.8;20.0
2025-09-05 22:50:15;18.6;24.0
2025-09-05 22:55:15;16.25;22.0
2025-09-05 23:00:15;16.0;26.0
2025-09-05 23:05:15;12.2;22.0
2025-09-05 23:10:15;15.8;21.0
2025-09-05 23:15:15;14.0;24.0
2025-09-05 23:20:15;14.8;28.0
2025-09-05 23:25:15;17.4;19.0
2025-09-05 23:30:15;18.4;22.0
2025-09-05 23:35:15;16.4;41.0
2025-09-05 23:40:15;16.2;23.0
2025-09-05 23:45:15;16.8;23.0
2025-09-05 23:50:15;17.4;27.0
2025-09-05 23:55:15;17.4;35.0
2025-09-06 00:00:15;16.6;26.0
2025-09-06 00:05:15;18.6;25.0
2025-09-06 00:10:15;18.6;26.0
2025-09-06 00:15:15;17.6;26.0
2025-09-06 00:20:15;18.8;26.0
2025-09-06 00:25:15;18.0;28.0
2025-09-06 00:30:15;18.2;28.0
2025-09-06 00:35:15;20.8;20.0
2025-09-06 00:40:15;18.4;22.0
2025-09-06 00:45:15;18.0;26.0
2025-09-06 00:50:15;21.6;25.0
2025-09-06 00:55:15;20.2;24.0
2025-09-06 01:00:15;19.8;26.0
2025-09-06 01:05:15;16.0;27.0
2025-09-06 01:10:15;17.2;25.0
2025-09-06 01:15:15;17.6;24.0
2025-09-06 01:20:15;17.6;29.0
2025-09-06 01:25:15;18.0;27.0
2025-09-06 01:30:15;16.8;28.0
2025-09-06 01:35:15;17.0;26.0
2025-09-06 01:40:15;17.8;27.0
2025-09-06 01:45:15;16.333333333333332;35.0
2025-09-06 01:50:15;15.5;24.0
2025-09-06 01:55:15;17.8;18.0
2025-09-06 02:00:15;17.2;15.0
2025-09-06 02:05:15;15.8;17.0
2025-09-06 02:10:15;16.0;24.0
2025-09-06 02:15:15;15.4;20.0
2025-09-06 02:20:15;15.4;17.0
2025-09-06 02:25:15;14.4;16.0
2025-09-06 02:30:15;18.2;18.0
2025-09-06 02:35:15;16.8;17.0
2025-09-06 02:40:15;18.4;24.0
2025-09-06 02:45:15;18.2;15.0
2025-09-06 02:50:15;15.2;38.0
2025-09-06 02:55:15;11.2;47.0
2025-09-06 03:00:15;14.0;33.0
2025-09-06 03:05:15;15.2;28.0
2025-09-06 03:10:15;17.2;26.0
2025-09-06 03:15:15;15.8;23.0
2025-09-06 03:20:15;15.0;22.0
2025-09-06 03:25:15;15.6;22.0
2025-09-06 03:30:15;15.8;24.0
2025-09-06 03:35:15;16.4;23.0
2025-09-06 03:40:15;14.2;34.0
2025-09-06 03:45:15;16.0;23.0
2025-09-06 03:50:15;17.8;23.0
2025-09-06 03:55:15;17.2;24.0
2025-09-06 04:00:15;18.4;27.0
2025-09-06 04:05:15;18.8;17.0
2025-09-06 04:10:15;17.6;25.0
2025-09-06 04:15:15;17.8;20.0
2025-09-06 04:20:15;17.8;16.0
2025-09-06 04:25:15;17.4;32.0
2025-09-06 04:30:15;16.2;37.0
2025-09-06 04:35:15;17.2;28.0
2025-09-06 04:40:15;17.4;36.0
2025-09-06 04:45:15;11.2;36.0
2025-09-06 04:50:15;15.0;27.0
2025-09-06 04:55:15;15.2;28.0
2025-09-06 05:00:15;13.0;30.0
2025-09-06 05:05:15;14.8;28.0
2025-09-06 05:10:15;14.2;27.0
2025-09-06 05:15:15;14.0;30.0
2025-09-06 05:20:15;14.0;45.0
2025-09-06 05:25:15;13.4;44.0
2025-09-06 05:30:15;11.6;49.0
2025-09-06 05:35:15;16.4;43.0
2025-09-06 05:40:15;17.2;35.0
2025-09-06 05:45:15;14.6;34.0
2025-09-06 05:50:15;16.8;27.0
2025-09-06 05:55:15;17.8;29.0
2025-09-06 06:00:15;16.6;25.0
2025-09-06 06:05:15;14.2;44.0
2025-09-06 06:10:15;15.8;30.0
2025-09-06 06:15:15;13.4;30.0
2025-09-06 06:20:15;14.8;38.0
2025-09-06 06:25:15;16.0;26.0
2025-09-06 06:30:15;18.2;35.0
2025-09-06 23:45:15;15.4;13.0
2025-09-06 23:50:15;17.6;23.0
2025-09-06 23:55:15;17.0;21.0
2025-09-07 00:00:15;18.8;20.0
2025-09-07 00:05:15;17.4;28.0
2025-09-07 00:10:15;15.4;22.0
2025-09-07 00:15:15;17.4;29.0
2025-09-07 00:20:15;14.8;36.0
2025-09-07 00:25:15;18.6;15.0
2025-09-07 00:30:15;18.6;26.0
2025-09-07 00:35:15;18.2;20.0
2025-09-07 00:40:15;19.4;20.0
2025-09-07 00:45:15;20.25;32.0
2025-09-07 00:50:15;18.75;34.0
2025-09-07 00:55:15;18.8;26.0
2025-09-07 01:00:15;18.6;27.0
2025-09-07 01:05:15;17.4;27.0
2025-09-07 01:10:15;18.2;27.0
2025-09-07 01:15:15;19.6;22.0
2025-09-07 01:20:15;18.2;23.0
2025-09-07 01:25:15;20.8;19.0
2025-09-07 01:30:15;20.4;19.0
2025-09-07 01:35:15;21.4;18.0
2025-09-07 01:40:15;21.0;22.0
2025-09-07 01:45:15;20.0;20.0
2025-09-07 01:50:15;19.8;22.0
2025-09-07 01:55:15;20.8;24.0
2025-09-07 02:00:15;19.4;29.0
2025-09-07 02:05:15;19.2;29.0
2025-09-07 02:10:15;19.8;33.0
2025-09-07 02:15:15;20.8;34.0
2025-09-07 02:20:15;19.4;33.0
2025-09-07 02:25:15;21.0;36.0
2025-09-07 02:30:15;19.2;35.0
2025-09-07 02:35:15;18.2;33.0
2025-09-07 02:40:15;18.0;30.0
2025-09-07 02:45:15;19.0;26.0
2025-09-07 02:50:15;18.8;32.0
2025-09-07 02:55:15;16.6;38.0
2025-09-07 03:00:15;16.8;29.0
2025-09-07 03:05:15;16.2;27.0
2025-09-07 03:10:15;16.2;25.0
2025-09-07 03:15:15;17.6;21.0
2025-09-07 03:20:15;17.0;26.0
2025-09-07 03:25:15;19.0;17.0
2025-09-07 03:30:15;19.6;16.0
2025-09-07 03:35:15;20.25;16.0
2025-09-07 03:40:15;18.8;19.0
2025-09-07 03:45:15;18.8;15.0
2025-09-07 03:50:15;18.2;20.0
2025-09-07 03:55:15;19.4;14.0
2025-09-07 04:00:15;19.4;15.0
2025-09-07 04:05:15;19.8;16.0
2025-09-07 04:10:15;19.4;16.0
2025-09-07 04:15:15;19.6;17.0
2025-09-07 04:20:15;19.0;18.0
2025-09-07 04:25:15;18.6;26.0
2025-09-07 04:30:15;17.4;22.0
2025-09-07 04:35:15;18.4;21.0
2025-09-07 04:40:15;17.6;18.0
2025-09-07 04:45:15;20.4;18.0
2025-09-07 04:50:15;20.0;22.0
2025-09-07 04:55:15;20.8;17.0
2025-09-07 05:00:15;19.4;18.0
2025-09-07 05:05:15;21.2;20.0
2025-09-07 05:10:15;16.25;60.0
2025-09-07 05:15:15;16.0;32.0
2025-09-07 05:20:15;18.2;33.0
2025-09-07 05:25:15;16.8;29.0
2025-09-07 05:30:15;16.4;25.0
2025-09-07 05:35:15;16.6;33.0
2025-09-07 05:40:15;17.8;28.0
2025-09-07 05:45:15;17.0;37.0
2025-09-07 05:50:15;17.6;31.0
2025-09-07 05:55:15;15.2;33.0
2025-09-07 06:00:15;12.0;33.0
2025-09-07 06:05:15;14.6;20.0
2025-09-07 06:10:15;15.8;22.0
2025-09-07 06:15:15;16.6;28.0
2025-09-07 06:20:15;18.4;29.0
2025-09-07 21:45:15;21.0;18.0
2025-09-07 21:50:15;20.4;16.0
2025-09-07 21:55:15;19.4;20.0
2025-09-07 22:00:15;19.6;20.0
2025-09-07 22:05:15;19.6;22.0
2025-09-07 22:10:15;18.4;20.0
2025-09-07 22:15:15;18.2;21.0
2025-09-07 22:20:15;18.4;19.0
2025-09-07 22:25:15;19.0;22.0
2025-09-07 22:30:15;17.2;18.0
2025-09-07 22:35:15;19.2;26.0
2025-09-07 22:40:15;16.6;19.0
2025-09-07 22:45:15;19.0;15.0
2025-09-07 22:50:15;18.333333333333332;14.0
2025-09-07 22:55:15;16.4;20.0
2025-09-07 23:00:15;16.8;17.0
2025-09-07 23:05:15;15.0;29.0
2025-09-07 23:10:15;14.75;38.0
2025-09-07 23:15:15;13.6;43.0
2025-09-07 23:20:15;11.4;47.0
2025-09-07 23:25:15;9.8;45.0
2025-09-07 23:30:15;13.0;55.0
2025-09-07 23:35:15;8.0;53.0
2025-09-07 23:40:15;9.8;48.0
2025-09-07 23:45:15;16.2;19.0
2025-09-07 23:50:15;15.8;27.0
2025-09-07 23:55:15;16.0;22.0
2025-09-08 00:00:15;14.2;23.0
2025-09-08 00:05:15;16.0;20.0
2025-09-08 00:10:15;15.6;37.0
2025-09-08 00:15:15;9.0;63.0
2025-09-08 00:20:15;0.0;80.0
2025-09-08 00:25:15;0.0;91.0
2025-09-08 00:30:15;0.0;85.0
2025-09-08 00:35:15;0.0;91.0
2025-09-08 00:40:15;13.0;38.0
2025-09-08 00:45:15;17.0;19.0
2025-09-08 00:50:15;17.0;18.0
2025-09-08 00:55:15;16.2;14.0
2025-09-08 01:00:15;14.0;26.0
2025-09-08 01:05:15;12.2;23.0
2025-09-08 01:10:15;13.0;36.0
2025-09-08 01:15:15;13.0;26.0
2025-09-08 01:20:15;13.4;30.0
2025-09-08 01:25:15;15.8;28.0
2025-09-08 01:30:15;15.2;30.0
2025-09-08 01:35:15;14.2;32.0
2025-09-08 01:40:15;17.8;29.0
2025-09-08 01:45:15;14.8;39.0
2025-09-08 01:50:15;16.0;23.0
2025-09-08 01:55:15;18.6;14.0
2025-09-08 02:00:15;17.6;23.0
2025-09-08 02:05:15;18.4;16.0
2025-09-08 02:10:15;18.6;32.0
2025-09-08 02:15:15;17.8;27.0
2025-09-08 02:20:15;17.4;24.0
2025-09-08 02:25:15;16.8;29.0
2025-09-08 02:30:15;17.2;24.0
2025-09-08 02:35:15;17.0;25.0
2025-09-08 02:40:15;17.0;25.0
2025-09-08 02:45:15;19.0;26.0
2025-09-08 02:50:15;19.6;26.0
2025-09-08 02:55:15;17.6;26.0
2025-09-08 03:00:15;18.2;28.0
2025-09-08 03:05:15;19.0;21.0
2025-09-08 03:10:15;17.2;29.0
2025-09-08 03:15:15;18.8;31.0
2025-09-08 03:20:15;18.6;28.0
2025-09-08 03:25:15;17.4;30.0
2025-09-08 03:30:15;18.6;29.0
2025-09-08 03:35:15;18.0;17.0
2025-09-08 03:40:15;17.4;14.0
2025-09-08 03:45:15;13.6;22.0
2025-09-08 03:50:15;14.2;17.0
2025-09-08 03:55:15;15.0;14.0
2025-09-08 04:00:15;15.8;13.0
2025-09-08 04:05:15;16.2;12.0
2025-09-08 04:10:15;15.8;27.0
2025-09-08 04:15:15;16.0;41.0
2025-09-08 04:20:15;15.2;45.0
2025-09-08 04:25:15;15.8;43.0
2025-09-08 04:30:15;14.0;47.0
2025-09-08 04:35:15;14.4;32.0
2025-09-08 04:40:15;17.8;25.0
2025-09-08 04:45:15;17.6;27.0
2025-09-08 04:50:15;18.4;29.0
2025-09-08 04:55:15;14.5;48.0
2025-09-08 05:00:15;16.6;46.0
2025-09-08 05:05:15;14.8;37.0
2025-09-08 05:10:15;13.0;42.0
2025-09-08 05:15:15;14.0;44.0
2025-09-08 05:20:15;15.0;38.0
2025-09-08 05:25:15;15.2;39.0
2025-09-08 05:30:15;15.6;33.0
2025-09-08 05:35:15;17.0;25.0
2025-09-08 05:40:15;15.0;21.0
2025-09-08 05:45:15;16.8;20.0
2025-09-08 05:50:15;17.2;20.0
2025-09-08 05:55:15;17.6;20.0
2025-09-08 06:00:15;17.6;34.0
2025-09-08 06:05:15;16.0;22.0
2025-09-08 06:10:15;16.4;19.0
2025-09-08 06:15:15;17.4;29.0
2025-09-08 06:20:15;17.0;18.0
2025-09-08 06:25:15;16.4;34.0
2025-09-08 06:30:15;17.2;22.0
2025-09-08 23:35:15;19.0;22.0
2025-09-08 23:40:15;18.8;27.0
2025-09-08 23:45:15;18.8;21.0
2025-09-08 23:50:15;17.6;18.0
2025-09-08 23:55:15;17.6;23.0
2025-09-09 00:00:15;17.0;52.0
2025-09-09 00:05:15;15.4;21.0
2025-09-09 00:10:15;16.6;21.0
2025-09-09 00:15:15;15.6;17.0
2025-09-09 00:20:15;14.2;34.0
2025-09-09 00:25:15;13.2;24.0
2025-09-09 00:30:15;13.6;19.0
2025-09-09 00:35:15;14.0;28.0
2025-09-09 00:40:15;15.4;44.0
2025-09-09 00:45:15;15.2;20.0
2025-09-09 00:50:15;17.2;16.0
2025-09-09 00:55:15;16.2;18.0
2025-09-09 01:00:15;16.6;22.0
2025-09-09 01:05:15;16.8;19.0
2025-09-09 01:10:15;15.8;22.0
2025-09-09 01:15:15;16.4;21.0
2025-09-09 01:20:15;15.0;30.0
2025-09-09 01:25:15;15.4;21.0
2025-09-09 01:30:15;15.8;23.0
2025-09-09 01:35:15;9.6;56.0
2025-09-09 01:40:15;10.6;69.0
2025-09-09 01:45:15;11.2;45.0
2025-09-09 01:50:15;15.4;28.0
2025-09-09 01:55:15;16.8;28.0
2025-09-09 02:00:15;17.0;23.0
2025-09-09 02:05:15;16.4;23.0
2025-09-09 02:10:15;16.4;25.0
2025-09-09 02:15:15;14.6;23.0
2025-09-09 02:20:15;16.6;25.0
2025-09-09 02:25:15;15.8;26.0
2025-09-09 02:30:15;16.6;26.0
2025-09-09 02:35:15;16.2;22.0
2025-09-09 02:40:15;16.8;25.0
2025-09-09 02:45:15;18.0;24.0
2025-09-09 02:50:15;17.4;22.0
2025-09-09 02:55:15;16.6;47.0
2025-09-09 03:00:15;16.4;39.0
2025-09-09 03:05:15;16.6;31.0
2025-09-09 03:10:15;15.2;37.0
2025-09-09 03:15:15;11.0;71.0
2025-09-09 03:20:15;12.0;46.0
2025-09-09 03:25:15;12.0;32.0
2025-09-09 03:35:15;11.6;84.0
2025-09-09 03:40:15;9.4;92.0
2025-09-09 03:50:15;9.6;56.0
2025-09-09 03:55:15;9.8;64.0
2025-09-09 04:05:15;13.2;54.0
2025-09-09 04:10:15;13.75;45.0
2025-09-09 04:15:15;15.6;31.0
2025-09-09 04:20:15;16.6;34.0
2025-09-09 04:25:15;16.2;29.0
2025-09-09 04:30:15;16.4;27.0
2025-09-09 04:35:15;15.2;26.0
2025-09-09 04:40:15;14.8;29.0
2025-09-09 04:45:15;15.8;30.0
2025-09-09 04:50:15;14.2;26.0
2025-09-09 04:55:15;14.4;30.0
2025-09-09 05:00:15;12.4;26.0
2025-09-09 05:05:15;14.2;37.0
2025-09-09 05:10:15;14.4;27.0
2025-09-09 05:15:15;16.2;19.0
2025-09-09 05:20:15;15.6;26.0
2025-09-09 05:25:15;15.0;25.0
2025-09-09 05:30:15;13.8;41.0
2025-09-09 05:35:15;15.6;39.0
2025-09-09 05:40:15;13.2;44.0
2025-09-09 05:45:15;12.0;32.0
2025-09-09 05:50:15;12.75;31.0
2025-09-09 05:55:15;10.6;69.0
2025-09-09 06:00:15;14.8;42.0
2025-09-09 06:05:15;15.2;33.0
2025-09-09 06:10:15;13.6;56.0
2025-09-09 06:15:15;12.0;101.0
2025-09-09 06:20:15;14.0;83.0
2025-09-09 06:25:15;10.75;76.0
2025-09-09 06:30:15;14.0;37.0
2025-09-09 22:45:15;18.25;20.0
2025-09-09 22:50:15;15.2;19.0
2025-09-09 22:55:15;17.2;17.0
2025-09-09 23:00:15;17.6;16.0
2025-09-09 23:05:15;16.8;19.0
2025-09-09 23:10:15;15.6;18.0
2025-09-09 23:15:15;16.6;15.0
2025-09-09 23:20:15;16.6;17.0
2025-09-09 23:25:15;16.0;24.0
2025-09-09 23:30:15;15.2;22.0
2025-09-09 23:35:15;14.6;18.0
2025-09-09 23:40:15;14.4;21.0
2025-09-09 23:45:15;14.0;17.0
2025-09-09 23:50:15;15.6;16.0
2025-09-09 23:55:15;14.4;22.0
2025-09-10 00:00:15;13.4;27.0
2025-09-10 00:05:15;17.4;11.0
2025-09-10 00:10:15;17.2;11.0
2025-09-10 00:15:15;15.4;24.0
2025-09-10 00:20:15;15.2;39.0
2025-09-10 00:25:15;15.25;33.0
2025-09-10 00:30:15;16.0;28.0
2025-09-10 00:35:15;17.4;18.0
2025-09-10 00:40:15;17.6;16.0
2025-09-10 00:45:15;17.2;20.0
2025-09-10 00:50:15;17.6;17.0
2025-09-10 00:55:15;17.0;17.0
2025-09-10 01:00:15;18.4;15.0
2025-09-10 01:05:15;18.4;16.0
2025-09-10 01:10:15;18.2;17.0
2025-09-10 01:15:15;17.6;17.0
2025-09-10 01:20:15;17.0;22.0
2025-09-10 01:25:15;16.6;22.0
2025-09-10 01:30:15;16.4;24.0
2025-09-10 01:35:15;14.6;22.0
2025-09-10 01:40:15;17.2;21.0
2025-09-10 01:45:15;19.4;13.0
2025-09-10 01:50:15;18.8;12.0
2025-09-10 01:55:15;20.2;13.0
2025-09-10 02:00:15;19.8;15.0
2025-09-10 02:05:15;19.75;17.0
2025-09-10 02:10:15;20.2;15.0
2025-09-10 02:15:15;19.2;17.0
2025-09-10 02:20:15;18.4;26.0
2025-09-10 02:25:15;15.4;25.0
2025-09-10 02:30:15;16.6;38.0
2025-09-10 02:35:15;16.8;32.0
2025-09-10 02:40:15;17.4;30.0
2025-09-10 02:45:15;17.0;24.0
2025-09-10 02:50:15;19.6;21.0
2025-09-10 02:55:15;16.0;31.0
2025-09-10 03:00:15;17.4;25.0
2025-09-10 03:05:15;18.0;26.0
2025-09-10 03:10:15;18.0;30.0
2025-09-10 03:15:15;18.0;31.0
2025-09-10 03:20:15;18.2;25.0
2025-09-10 03:25:15;18.4;26.0
2025-09-10 03:30:15;16.8;26.0
2025-09-10 03:35:15;17.0;34.0
2025-09-10 03:40:15;15.8;23.0
2025-09-10 03:45:15;15.4;17.0
2025-09-10 03:50:15;15.0;25.0
2025-09-10 03:55:15;14.6;17.0
2025-09-10 04:00:15;16.6;13.0
2025-09-10 04:05:15;17.4;16.0
2025-09-10 04:10:15;16.0;33.0
2025-09-10 04:15:15;15.6;27.0
2025-09-10 04:20:15;17.6;29.0
2025-09-10 04:25:15;19.0;20.0
2025-09-10 04:30:15;17.6;22.0
2025-09-10 04:35:15;18.4;22.0
2025-09-10 04:40:15;18.2;21.0
2025-09-10 04:45:15;16.6;20.0
2025-09-10 04:50:15;16.8;21.0
2025-09-10 04:55:15;18.2;19.0
2025-09-10 05:00:15;19.0;20.0
2025-09-10 05:10:15;17.2;30.0
2025-09-10 05:15:15;19.0;24.0
2025-09-10 05:20:15;17.2;29.0
2025-09-10 05:25:15;18.4;26.0
2025-09-10 05:30:15;15.8;31.0
2025-09-10 05:35:15;17.0;30.0
2025-09-10 05:40:15;14.8;34.0
2025-09-10 05:45:15;17.0;27.0
2025-09-10 05:50:15;17.8;31.0
2025-09-10 05:55:15;18.4;29.0
2025-09-10 06:00:15;16.4;28.0
2025-09-10 06:05:15;17.75;25.0
2025-09-10 06:10:15;14.6;37.0
2025-09-10 06:15:15;14.6;23.0
2025-09-10 06:20:15;14.2;22.0
2025-09-10 06:25:15;14.2;23.0
2025-09-10 06:30:15;14.6;22.0
2025-09-10 23:42:13;17.6;38.0
2025-09-10 23:47:13;17.4;29.0
2025-09-10 23:52:13;15.8;26.0
2025-09-10 23:57:13;19.2;17.0
2025-09-11 00:02:13;18.25;14.0
2025-09-11 00:07:13;17.5;19.0
2025-09-11 00:12:13;17.5;18.0
2025-09-11 00:17:13;16.25;27.0
2025-09-11 00:22:13;17.0;17.0
2025-09-11 00:27:13;17.0;25.0
2025-09-11 00:32:13;16.0;15.0
2025-09-11 00:37:13;15.333333333333334;20.0
2025-09-11 00:42:13;17.75;12.0
2025-09-11 00:47:13;14.2;33.0
2025-09-11 00:52:13;13.25;21.0
2025-09-11 00:57:13;13.0;26.0
2025-09-11 01:02:13;15.333333333333334;25.0
2025-09-11 01:07:13;14.75;31.0
2025-09-11 01:12:13;15.0;26.0
2025-09-11 01:17:13;15.75;45.0
2025-09-11 01:22:13;18.0;20.0
2025-09-11 01:27:13;16.333333333333332;21.0
2025-09-11 01:32:13;15.4;33.0
2025-09-11 01:37:13;17.0;28.0
2025-09-11 01:42:13;12.333333333333334;38.0
2025-09-11 01:52:13;13.75;74.0
2025-09-11 01:57:13;13.25;68.0
2025-09-11 02:02:13;13.4;68.0
2025-09-11 02:07:13;14.5;42.0
2025-09-11 02:12:13;17.25;22.0
2025-09-11 02:17:13;15.75;22.0
2025-09-11 02:22:13;16.75;21.0
2025-09-11 02:27:13;16.2;22.0
2025-09-11 02:32:13;16.0;20.0
2025-09-11 02:37:13;13.2;33.0
2025-09-11 02:42:13;15.4;31.0
2025-09-11 02:47:13;16.0;32.0
2025-09-11 02:52:13;15.25;23.0
2025-09-11 02:57:13;19.0;27.0
2025-09-11 03:02:13;17.4;21.0
2025-09-11 03:07:13;17.75;24.0
2025-09-11 03:12:13;18.6;16.0
2025-09-11 03:17:13;16.8;33.0
2025-09-11 03:22:13;18.5;24.0
2025-09-11 03:27:13;19.2;22.0
2025-09-11 03:32:13;19.0;22.0
2025-09-11 03:37:13;18.75;32.0
2025-09-11 03:42:13;17.0;22.0
2025-09-11 03:47:13;18.0;28.0
2025-09-11 03:52:13;17.5;28.0
2025-09-11 03:57:13;16.6;33.0
2025-09-11 04:02:13;14.0;44.0
2025-09-11 04:07:13;14.2;43.0
2025-09-11 04:12:13;14.0;41.0
2025-09-11 04:17:13;14.4;49.0
2025-09-11 04:22:13;12.75;42.0
2025-09-11 04:27:13;15.75;50.0
2025-09-11 04:32:13;15.0;38.0
2025-09-11 04:37:13;14.8;37.0
2025-09-11 04:42:13;16.75;32.0
2025-09-11 04:47:13;16.75;28.0
2025-09-11 04:52:13;17.25;32.0
2025-09-11 04:57:13;12.75;47.0
2025-09-11 05:02:13;15.25;27.0
2025-09-11 05:07:13;15.75;27.0
2025-09-11 05:12:13;13.25;57.0
2025-09-11 05:17:13;13.0;52.0
2025-09-11 05:22:13;12.2;47.0
2025-09-11 05:32:13;14.0;20.0
2025-09-11 05:37:13;14.5;17.0
2025-09-11 05:42:13;13.8;17.0
2025-09-11 05:47:13;14.25;17.0
2025-09-11 05:52:13;14.666666666666666;19.0
2025-09-11 05:57:13;16.75;18.0
2025-09-11 06:02:13;18.0;18.0
2025-09-11 06:07:13;15.0;58.0
2025-09-11 06:12:13;14.75;27.0
2025-09-11 06:17:13;14.5;29.0
2025-09-11 06:22:13;13.25;25.0
2025-09-11 06:27:13;14.0;32.0
2025-09-11 23:47:13;17.2;20.0
2025-09-11 23:52:13;19.2;17.0
2025-09-11 23:57:13;17.8;28.0
2025-09-12 00:02:13;12.75;43.0
2025-09-12 00:07:13;13.8;39.0
2025-09-12 00:12:13;17.6;29.0
2025-09-12 00:17:13;14.2;31.0
2025-09-12 00:22:13;12.8;39.0
2025-09-12 00:27:13;13.0;20.0
2025-09-12 00:32:13;12.0;32.0
2025-09-12 00:37:13;13.4;20.0
2025-09-12 00:42:13;16.8;39.0
2025-09-12 00:47:13;17.6;36.0
2025-09-12 00:52:13;16.4;28.0
2025-09-12 00:57:13;17.2;19.0
2025-09-12 01:02:13;15.0;19.0
2025-09-12 01:07:13;17.0;22.0
2025-09-12 01:12:13;16.4;39.0
2025-09-12 01:17:13;18.6;26.0
2025-09-12 01:22:13;15.8;21.0
2025-09-12 01:27:13;15.2;18.0
2025-09-12 01:32:13;15.6;32.0
2025-09-12 01:37:13;16.0;26.0
2025-09-12 01:42:13;16.4;20.0
2025-09-12 01:47:13;17.4;19.0
2025-09-12 01:52:13;15.4;22.0
2025-09-12 01:57:13;16.8;22.0
2025-09-12 02:02:13;18.0;24.0
2025-09-12 02:07:13;16.2;22.0
2025-09-12 02:12:13;15.6;23.0
2025-09-12 02:17:13;15.4;31.0
2025-09-12 02:22:13;13.8;39.0
2025-09-12 02:27:13;19.6;25.0
2025-09-12 02:32:13;19.2;20.0
2025-09-12 02:37:13;18.8;26.0
2025-09-12 02:42:13;18.0;23.0
2025-09-12 02:47:13;17.8;28.0
2025-09-12 02:52:13;15.6;32.0
2025-09-12 02:57:13;17.0;19.0
2025-09-12 03:02:13;17.2;17.0
2025-09-12 03:07:13;15.4;30.0
2025-09-12 03:12:13;18.0;19.0
2025-09-12 03:17:13;17.8;18.0
2025-09-12 03:22:13;18.2;17.0
2025-09-12 03:27:13;18.0;21.0
2025-09-12 03:32:13;18.25;24.0
2025-09-12 03:37:13;17.6;18.0
2025-09-12 03:42:13;15.6;35.0
2025-09-12 03:47:13;16.8;33.0
2025-09-12 03:52:13;16.4;45.0
2025-09-12 03:57:13;15.0;29.0
2025-09-12 04:02:13;18.2;19.0
2025-09-12 04:07:13;18.6;26.0
2025-09-12 04:12:13;19.4;23.0
2025-09-12 04:17:13;18.8;40.0
2025-09-12 04:22:13;17.4;36.0
2025-09-12 04:27:13;15.8;28.0
2025-09-12 04:32:13;16.6;33.0
2025-09-12 04:37:13;16.6;40.0
2025-09-12 04:42:13;17.8;39.0
2025-09-12 04:47:13;15.8;45.0
2025-09-12 04:52:13;15.8;40.0
2025-09-12 04:57:13;16.6;60.0
2025-09-12 05:02:13;12.6;54.0
2025-09-12 05:07:13;10.2;41.0
2025-09-12 05:12:13;11.0;63.0
2025-09-12 05:17:13;13.8;68.0
2025-09-12 05:22:13;10.8;73.0
2025-09-12 05:27:13;14.0;63.0
2025-09-12 05:32:13;11.0;47.0
2025-09-12 05:37:13;11.8;80.0
2025-09-12 05:47:13;12.4;77.0
2025-09-12 05:57:13;14.4;25.0
2025-09-12 06:02:13;15.0;27.0
2025-09-12 06:07:13;16.8;26.0
2025-09-12 06:12:13;16.8;33.0
2025-09-12 06:17:13;15.4;35.0
2025-09-12 06:22:13;15.0;30.0
2025-09-12 06:27:13;15.4;28.0
2025-09-12 23:07:13;19.6;47.0
2025-09-12 23:12:13;17.8;26.0
2025-09-12 23:17:13;17.2;18.0
2025-09-12 23:22:13;16.6;20.0
2025-09-12 23:27:13;17.2;14.0
2025-09-12 23:32:13;17.8;15.0
2025-09-12 23:37:13;17.8;14.0
2025-09-12 23:42:13;18.4;14.0
2025-09-12 23:47:13;16.8;27.0
2025-09-12 23:52:13;14.2;35.0
2025-09-12 23:57:13;17.0;18.0
2025-09-13 00:02:13;15.6;17.0
2025-09-13 00:07:13;15.6;31.0
2025-09-13 00:12:13;19.0;32.0
2025-09-13 00:17:13;19.6;15.0
2025-09-13 00:22:13;19.0;18.0
2025-09-13 00:27:13;18.6;15.0
2025-09-13 00:32:13;20.2;16.0
2025-09-13 00:37:13;17.2;31.0
2025-09-13 00:42:13;18.6;23.0
2025-09-13 00:47:13;19.8;19.0
2025-09-13 00:52:13;18.6;22.0
2025-09-13 00:57:13;16.0;37.0
2025-09-13 01:02:13;17.4;28.0
2025-09-13 01:07:13;18.8;23.0
2025-09-13 01:12:13;18.8;20.0
2025-09-13 01:17:13;20.2;28.0
2025-09-13 01:22:13;17.0;22.0
2025-09-13 01:27:13;17.0;25.0
2025-09-13 01:32:13;18.4;24.0
2025-09-13 01:37:13;15.2;21.0
2025-09-13 01:42:13;17.2;20.0
2025-09-13 01:47:13;17.0;16.0
2025-09-13 01:52:13;17.6;19.0
2025-09-13 01:57:13;16.4;30.0
2025-09-13 02:02:13;18.0;37.0
2025-09-13 02:07:13;17.8;32.0
2025-09-13 02:12:13;19.2;18.0
2025-09-13 02:17:13;19.8;17.0
2025-09-13 02:22:13;20.75;26.0
2025-09-13 02:27:13;13.666666666666666;26.0
2025-09-13 02:32:13;19.8;24.0
2025-09-13 02:37:13;17.2;33.0
2025-09-13 02:42:13;19.4;38.0
2025-09-13 02:47:13;15.6;31.0
2025-09-13 02:52:13;12.4;50.0
2025-09-13 02:57:13;14.0;47.0
2025-09-13 03:02:13;13.2;37.0
2025-09-13 03:07:13;13.0;45.0
2025-09-13 03:12:13;9.8;56.0
2025-09-13 03:17:13;12.6;53.0
2025-09-13 03:22:13;10.6;65.0
2025-09-13 03:27:13;14.6;42.0
2025-09-13 03:32:13;19.2;31.0
2025-09-13 03:37:13;19.2;24.0
2025-09-13 03:42:13;20.4;27.0
2025-09-13 03:47:13;17.8;27.0
2025-09-13 03:52:13;19.6;19.0
2025-09-13 03:57:13;21.0;19.0
2025-09-13 04:02:13;16.8;44.0
2025-09-13 04:07:13;20.8;26.0
2025-09-13 04:12:13;18.8;18.0
2025-09-13 04:17:13;18.8;21.0
2025-09-13 04:22:13;21.2;15.0
2025-09-13 04:27:13;17.8;28.0
2025-09-13 04:32:13;18.0;18.0
2025-09-13 04:37:13;17.2;20.0
2025-09-13 04:42:13;17.6;19.0
2025-09-13 04:47:13;16.2;24.0
2025-09-13 04:52:13;18.4;25.0
2025-09-13 04:57:13;17.8;16.0
2025-09-13 05:02:13;18.6;14.0
2025-09-13 05:07:13;15.4;35.0
2025-09-13 05:12:13;12.8;30.0
2025-09-13 05:17:13;15.6;25.0
2025-09-13 05:22:13;15.0;22.0
2025-09-13 05:27:13;15.6;28.0
2025-09-13 05:32:13;16.0;35.0
2025-09-13 05:37:13;17.6;27.0
2025-09-13 05:42:13;17.2;25.0
2025-09-13 05:47:13;18.2;25.0
2025-09-13 05:52:13;17.4;23.0
2025-09-13 05:57:13;17.8;24.0
2025-09-13 06:02:13;17.6;34.0
2025-09-13 06:07:13;14.6;35.0
2025-09-13 06:12:13;19.0;25.0
2025-09-13 06:17:13;17.4;27.0
2025-09-13 06:22:13;15.2;40.0
2025-09-13 22:37:13;21.75;26.0
2025-09-13 22:42:13;20.4;21.0
2025-09-13 22:47:13;17.8;19.0
2025-09-13 22:52:13;18.8;16.0
2025-09-13 22:57:13;18.0;16.0
2025-09-13 23:02:13;18.8;15.0
2025-09-13 23:07:13;18.2;16.0
2025-09-13 23:12:13;19.6;16.0
2025-09-13 23:17:13;15.2;17.0
2025-09-13 23:22:13;14.4;25.0
2025-09-13 23:27:13;13.6;21.0
2025-09-13 23:32:13;16.0;19.0
2025-09-13 23:37:13;17.2;19.0
2025-09-13 23:42:13;16.8;23.0
2025-09-13 23:47:13;17.0;18.0
2025-09-13 23:52:13;19.8;14.0
2025-09-13 23:57:13;17.2;16.0
2025-09-14 00:02:13;17.0;13.0
2025-09-14 00:07:13;18.75;31.0
2025-09-14 00:12:13;13.75;25.0
2025-09-14 00:17:13;17.0;22.0
2025-09-14 00:22:13;10.6;37.0
2025-09-14 00:27:13;14.2;42.0
2025-09-14 00:32:13;15.4;48.0
2025-09-14 00:37:13;19.0;36.0
2025-09-14 00:42:13;17.0;29.0
2025-09-14 00:47:13;19.2;28.0
2025-09-14 00:52:13;20.2;24.0
2025-09-14 00:57:13;19.8;24.0
2025-09-14 01:02:13;19.4;30.0
2025-09-14 01:07:13;18.8;30.0
2025-09-14 01:12:13;18.8;26.0
2025-09-14 01:17:13;20.6;20.0
2025-09-14 01:22:13;21.4;18.0
2025-09-14 01:27:13;21.4;23.0
2025-09-14 01:32:13;21.6;22.0
2025-09-14 01:37:13;20.4;25.0
2025-09-14 01:42:13;19.2;25.0
2025-09-14 01:47:13;19.4;24.0
2025-09-14 01:52:13;18.2;16.0
2025-09-14 01:57:13;19.6;17.0
2025-09-14 02:02:13;20.2;16.0
2025-09-14 02:07:13;20.4;18.0
2025-09-14 02:12:13;20.4;20.0
2025-09-14 02:17:13;17.8;30.0
2025-09-14 02:22:13;19.0;21.0
2025-09-14 02:27:13;19.6;20.0
2025-09-14 02:32:13;19.8;23.0
2025-09-14 02:37:13;17.8;24.0
2025-09-14 02:42:13;19.8;20.0
2025-09-14 02:47:13;20.6;18.0
2025-09-14 02:52:13;20.4;20.0
2025-09-14 02:57:13;20.0;20.0
2025-09-14 03:02:13;21.6;20.0
2025-09-14 03:07:13;20.0;20.0
2025-09-14 03:12:13;18.75;26.0
2025-09-14 03:17:13;17.2;27.0
2025-09-14 03:22:13;18.0;26.0
2025-09-14 03:27:13;16.4;27.0
2025-09-14 03:32:13;16.4;28.0
2025-09-14 03:37:13;17.2;38.0
2025-09-14 03:42:13;16.2;32.0
2025-09-14 03:47:13;12.8;27.0
2025-09-14 03:52:13;12.2;26.0
2025-09-14 03:57:13;12.2;19.0
2025-09-14 04:02:13;12.2;28.0
2025-09-14 04:07:13;12.4;19.0
2025-09-14 04:12:13;12.4;19.0
2025-09-14 04:17:13;16.8;27.0
2025-09-14 04:22:13;16.6;30.0
2025-09-14 04:27:13;16.0;29.0
2025-09-14 04:32:13;15.6;17.0
2025-09-14 04:37:13;16.6;18.0
2025-09-14 04:42:13;14.8;29.0
2025-09-14 04:47:13;16.2;30.0
2025-09-14 04:52:13;18.8;35.0
2025-09-14 04:57:13;17.8;26.0
2025-09-14 05:02:13;16.2;20.0
2025-09-14 05:07:13;16.6;23.0
2025-09-14 05:12:13;16.0;26.0
2025-09-14 05:17:13;13.4;27.0
2025-09-14 05:22:13;15.2;21.0
2025-09-14 05:27:13;16.8;23.0
2025-09-14 05:32:13;16.0;22.0
2025-09-14 05:37:13;16.0;21.0
2025-09-14 05:42:13;18.8;21.0
2025-09-14 05:47:13;18.0;31.0
2025-09-14 05:52:13;17.0;38.0
2025-09-14 05:57:13;12.4;44.0
2025-09-14 06:02:13;14.4;47.0
2025-09-14 06:07:13;17.8;30.0
2025-09-14 06:12:13;18.8;31.0
2025-09-14 06:17:13;15.2;30.0
2025-09-14 06:22:13;11.4;97.0
2025-09-14 06:27:13;14.2;60.0
2025-09-14 23:22:13;19.0;15.0
2025-09-14 23:27:13;20.0;21.0
2025-09-14 23:32:13;21.4;17.0
2025-09-14 23:37:13;21.4;18.0
2025-09-14 23:42:13;19.4;22.0
2025-09-14 23:47:13;20.8;16.0
2025-09-14 23:52:13;21.0;14.0
2025-09-14 23:57:13;22.8;19.0
2025-09-15 00:02:13;22.0;13.0
2025-09-15 00:07:13;21.0;16.0
2025-09-15 00:12:13;21.2;17.0
2025-09-15 00:17:13;21.4;15.0
2025-09-15 00:22:13;21.4;14.0
2025-09-15 00:27:13;20.4;15.0
2025-09-15 00:32:13;20.8;23.0
2025-09-15 00:37:13;21.2;15.0
2025-09-15 00:47:13;14.4;38.0
2025-09-15 00:52:13;13.0;48.0
2025-09-15 01:07:13;12.2;52.0
2025-09-15 01:27:13;15.8;24.0
2025-09-15 01:32:13;13.8;18.0
2025-09-15 01:37:13;14.4;19.0
2025-09-15 01:42:13;16.2;20.0
2025-09-15 01:47:13;15.4;17.0
2025-09-15 01:52:13;17.0;16.0
2025-09-15 01:57:13;21.2;12.0
2025-09-15 02:02:13;20.6;16.0
2025-09-15 02:07:13;18.0;14.0
2025-09-15 02:12:13;21.2;12.0
2025-09-15 02:17:13;17.0;24.0
2025-09-15 02:22:13;16.8;24.0
2025-09-15 02:27:13;17.2;19.0
2025-09-15 02:32:13;17.4;19.0
2025-09-15 02:37:13;18.6;23.0
2025-09-15 02:42:13;18.2;23.0
2025-09-15 02:47:13;18.4;21.0
2025-09-15 02:52:13;19.0;20.0
2025-09-15 02:57:13;19.0;22.0
2025-09-15 03:02:13;19.0;21.0
2025-09-15 03:07:13;16.8;37.0
2025-09-15 03:12:13;12.2;44.0
2025-09-15 03:17:13;12.0;32.0
2025-09-15 03:22:13;13.0;46.0
2025-09-15 03:27:13;11.0;41.0
2025-09-15 03:32:13;14.75;31.0
2025-09-15 03:37:13;17.8;29.0
2025-09-15 03:42:13;14.4;36.0
2025-09-15 03:47:13;17.8;44.0
2025-09-15 03:52:13;15.8;31.0
2025-09-15 03:57:13;14.4;27.0
2025-09-15 04:02:13;15.0;26.0
2025-09-15 04:07:13;14.4;19.0
2025-09-15 04:12:13;12.4;28.0
2025-09-15 04:17:13;12.8;27.0
2025-09-15 04:22:13;14.0;24.0
2025-09-15 04:27:13;12.6;26.0
2025-09-15 04:32:13;12.4;21.0
2025-09-15 04:37:13;13.2;26.0
2025-09-15 04:42:13;14.6;30.0
2025-09-15 04:47:13;13.666666666666666;38.0
2025-09-15 04:52:13;19.4;25.0
2025-09-15 04:57:13;20.6;27.0
2025-09-15 05:02:13;20.0;26.0
2025-09-15 05:07:13;19.6;35.0
2025-09-15 05:12:13;19.2;29.0
2025-09-15 05:17:13;18.8;28.0
2025-09-15 05:22:13;19.2;38.0
2025-09-15 05:27:13;17.8;26.0
2025-09-15 05:32:13;18.4;31.0
2025-09-15 05:37:13;18.8;26.0
2025-09-15 05:42:13;19.0;25.0
2025-09-15 05:47:13;18.0;25.0
2025-09-15 05:52:13;18.0;37.0
2025-09-15 05:57:13;16.6;27.0
2025-09-15 06:02:13;19.4;25.0
2025-09-15 06:07:13;17.8;30.0
2025-09-15 06:12:13;17.4;31.0
2025-09-15 06:17:13;19.6;23.0
2025-09-15 06:22:13;18.2;24.0
2025-09-15 06:27:13;17.8;34.0
2025-09-15 23:02:13;18.0;31.0
2025-09-15 23:07:13;17.0;16.0
2025-09-15 23:12:13;16.4;19.0
2025-09-15 23:17:13;18.6;23.0
2025-09-15 23:22:13;17.6;14.0
2025-09-15 23:27:13;17.2;13.0
2025-09-15 23:32:13;16.0;21.0
2025-09-15 23:37:13;17.6;15.0
2025-09-15 23:42:13;16.2;24.0
2025-09-15 23:47:13;15.8;17.0
2025-09-15 23:52:13;15.0;26.0
2025-09-15 23:57:13;15.0;23.0
2025-09-16 00:02:13;13.2;22.0
2025-09-16 00:07:13;15.8;21.0
2025-09-16 00:12:13;15.4;32.0
2025-09-16 00:17:13;16.8;23.0
2025-09-16 00:22:13;18.0;24.0
2025-09-16 00:27:13;16.0;22.0
2025-09-16 00:32:13;17.6;19.0
2025-09-16 00:37:13;17.8;29.0
2025-09-16 00:42:13;17.2;21.0
2025-09-16 00:47:13;20.6;14.0
2025-09-16 00:52:13;17.8;17.0
2025-09-16 00:57:13;19.4;16.0
2025-09-16 01:02:13;19.6;15.0
2025-09-16 01:07:13;17.8;43.0
2025-09-16 01:12:13;16.6;46.0
2025-09-16 01:17:13;17.2;44.0
2025-09-16 01:22:13;19.0;21.0
2025-09-16 01:27:13;19.2;24.0
2025-09-16 01:32:13;17.2;21.0
2025-09-16 01:37:13;18.8;21.0
2025-09-16 01:42:13;19.2;21.0
2025-09-16 01:47:13;20.0;26.0
2025-09-16 01:52:13;17.4;32.0
2025-09-16 01:57:13;17.4;23.0
2025-09-16 02:02:13;17.6;32.0
2025-09-16 02:07:13;18.8;26.0
2025-09-16 02:12:13;17.6;24.0
2025-09-16 02:17:13;15.4;39.0
2025-09-16 02:22:13;11.6;55.0
2025-09-16 02:27:13;12.0;61.0
2025-09-16 02:32:13;12.0;52.0
2025-09-16 02:37:13;14.666666666666666;29.0
2025-09-16 02:42:13;16.2;18.0
2025-09-16 02:47:13;16.6;22.0
2025-09-16 02:52:13;16.4;17.0
2025-09-16 02:57:13;16.8;16.0
2025-09-16 03:02:13;18.0;15.0
2025-09-16 03:07:13;17.8;14.0
2025-09-16 03:12:13;18.2;15.0
2025-09-16 03:17:13;17.6;16.0
2025-09-16 03:22:13;15.8;19.0
2025-09-16 03:27:13;15.6;22.0
2025-09-16 03:32:13;13.75;22.0
2025-09-16 03:37:13;15.4;16.0
2025-09-16 03:42:13;14.0;14.0
2025-09-16 03:47:13;15.8;19.0
2025-09-16 03:52:13;15.4;23.0
2025-09-16 03:57:13;15.8;23.0
2025-09-16 04:02:13;11.2;51.0
2025-09-16 04:07:13;9.0;40.0
2025-09-16 04:12:13;13.0;42.0
2025-09-16 04:17:13;14.8;43.0
2025-09-16 04:22:13;15.8;30.0
2025-09-16 04:27:13;17.6;35.0
2025-09-16 04:32:13;15.2;34.0
2025-09-16 04:37:13;15.8;27.0
2025-09-16 04:42:13;15.0;35.0
2025-09-16 04:47:13;15.6;19.0
2025-09-16 04:52:13;17.2;27.0
2025-09-16 04:57:13;18.4;27.0
2025-09-16 05:02:13;17.4;27.0
2025-09-16 05:07:13;17.4;27.0
2025-09-16 05:12:13;17.6;20.0
2025-09-16 05:17:13;18.0;27.0
2025-09-16 05:22:13;17.8;23.0
2025-09-16 05:27:13;16.8;24.0
2025-09-16 05:32:13;15.8;27.0
2025-09-16 05:52:13;11.0;38.0
2025-09-16 05:57:13;10.25;45.0
2025-09-16 06:02:13;14.0;36.0
2025-09-16 06:07:13;15.4;33.0
2025-09-16 06:12:13;15.2;38.0
2025-09-16 06:17:13;17.2;48.0
2025-09-16 06:22:13;17.2;31.0
2025-09-16 06:27:13;15.4;36.0
2025-09-16 23:17:13;21.6;26.0
2025-09-16 23:22:13;19.8;22.0
2025-09-16 23:27:13;21.4;20.0
2025-09-16 23:32:13;22.0;18.0
2025-09-16 23:37:13;21.8;23.0
2025-09-16 23:42:13;21.8;18.0
2025-09-16 23:47:13;22.2;19.0
2025-09-16 23:52:13;22.0;18.0
2025-09-16 23:57:13;20.8;21.0
2025-09-17 00:02:13;19.8;27.0
2025-09-17 00:07:13;19.8;17.0
2025-09-17 00:12:13;20.8;17.0
2025-09-17 00:17:13;23.4;16.0
2025-09-17 00:22:13;21.4;14.0
2025-09-17 00:27:13;21.8;19.0
2025-09-17 00:32:13;19.4;17.0
2025-09-17 00:37:13;21.2;13.0
2025-09-17 00:42:13;20.2;12.0
2025-09-17 00:47:13;21.4;11.0
2025-09-17 00:52:13;18.4;19.0
2025-09-17 00:57:13;19.2;16.0
2025-09-17 01:02:13;17.8;15.0
2025-09-17 01:07:13;17.0;15.0
2025-09-17 01:12:13;17.8;14.0
2025-09-17 01:17:13;18.4;18.0
2025-09-17 01:22:13;17.8;14.0
2025-09-17 01:27:13;21.6;13.0
2025-09-17 01:32:13;19.2;16.0
2025-09-17 01:37:13;19.0;16.0
2025-09-17 01:42:13;18.6;15.0
2025-09-17 01:47:13;17.6;22.0
2025-09-17 01:52:13;19.4;16.0
2025-09-17 01:57:13;19.2;14.0
2025-09-17 02:02:13;19.2;25.0
2025-09-17 02:07:13;18.2;25.0
2025-09-17 02:12:13;16.2;23.0
2025-09-17 02:17:13;17.4;28.0
2025-09-17 02:22:13;16.0;23.0
2025-09-17 02:27:13;16.4;24.0
2025-09-17 02:32:13;17.0;20.0
2025-09-17 02:37:13;15.4;21.0
2025-09-17 02:42:13;16.6;20.0
2025-09-17 02:47:13;18.8;18.0
2025-09-17 02:52:13;18.6;20.0
2025-09-17 02:57:13;18.6;32.0
2025-09-17 03:02:13;19.0;22.0
2025-09-17 03:07:13;19.4;20.0
2025-09-17 03:12:13;21.6;16.0
2025-09-17 03:17:13;21.6;16.0
2025-09-17 03:22:13;18.0;20.0
2025-09-17 03:27:13;17.8;26.0
2025-09-17 03:32:13;21.2;27.0
2025-09-17 03:37:13;20.0;28.0
2025-09-17 03:42:13;19.6;23.0
2025-09-17 03:47:13;20.4;21.0
2025-09-17 03:52:13;21.4;23.0
2025-09-17 03:57:13;20.4;19.0
2025-09-17 04:02:13;19.0;20.0
2025-09-17 04:07:13;19.8;20.0
2025-09-17 04:12:13;19.6;20.0
2025-09-17 04:17:13;18.0;24.0
2025-09-17 04:22:13;17.0;21.0
2025-09-17 04:27:13;19.2;13.0
2025-09-17 04:32:13;18.0;19.0
2025-09-17 04:37:13;20.6;25.0
2025-09-17 04:42:13;21.8;26.0
2025-09-17 04:47:13;21.6;19.0
2025-09-17 04:52:13;21.6;17.0
2025-09-17 04:57:13;19.6;28.0
2025-09-17 05:02:13;20.8;32.0
2025-09-17 05:07:13;19.5;35.0
2025-09-17 05:12:13;11.25;41.0
2025-09-17 05:17:13;20.2;16.0
2025-09-17 05:22:13;20.0;20.0
2025-09-17 05:27:13;19.6;26.0
2025-09-17 05:32:13;19.4;16.0
2025-09-17 05:37:13;20.2;16.0
2025-09-17 05:42:13;19.8;19.0
2025-09-17 05:47:13;20.4;29.0
2025-09-17 05:52:13;20.4;23.0
2025-09-17 05:57:13;19.8;17.0
2025-09-17 06:02:13;18.8;16.0
2025-09-17 06:07:13;19.2;18.0
2025-09-17 06:12:13;20.0;16.0
2025-09-17 06:17:13;15.2;35.0
2025-09-17 06:22:13;16.4;18.0
2025-09-17 06:27:13;17.0;22.0
2025-09-17 21:47:13;19.6;22.0
2025-09-17 21:52:13;19.6;24.0
2025-09-17 21:57:13;21.0;22.0
2025-09-17 22:02:13;20.6;27.0
2025-09-17 22:07:13;20.2;23.0
2025-09-17 22:12:13;20.6;23.0
2025-09-17 22:17:13;21.8;23.0
2025-09-17 22:22:13;20.2;25.0
2025-09-17 22:27:13;20.2;29.0
2025-09-17 22:32:13;19.0;30.0
2025-09-17 22:37:13;21.2;27.0
2025-09-17 22:42:13;19.4;28.0
2025-09-17 22:47:13;20.0;25.0
2025-09-17 22:52:13;20.0;20.0
2025-09-17 22:57:13;20.2;22.0
2025-09-17 23:02:13;20.8;18.0
2025-09-17 23:07:13;21.4;21.0
2025-09-17 23:12:13;21.2;21.0
2025-09-17 23:17:13;20.4;17.0
2025-09-17 23:22:13;18.8;20.0
2025-09-17 23:27:13;16.666666666666668;24.0
2025-09-17 23:32:13;11.4;55.0
2025-09-17 23:37:13;12.0;47.0
2025-09-17 23:42:13;10.2;59.0
2025-09-17 23:47:13;10.8;53.0
2025-09-17 23:52:13;11.2;46.0
2025-09-17 23:57:13;15.0;65.0
2025-09-18 00:02:13;15.0;21.0
2025-09-18 00:07:13;15.0;22.0
2025-09-18 00:12:13;14.6;18.0
2025-09-18 00:17:13;14.0;17.0
2025-09-18 00:22:13;15.6;19.0
2025-09-18 00:27:13;15.4;17.0
2025-09-18 00:32:13;15.4;19.0
2025-09-18 00:37:13;18.2;25.0
2025-09-18 00:42:13;19.4;17.0
2025-09-18 00:47:13;19.0;18.0
2025-09-18 00:52:13;18.4;18.0
2025-09-18 00:57:13;18.6;27.0
2025-09-18 01:02:13;15.6;26.0
2025-09-18 01:07:13;17.4;21.0
2025-09-18 01:12:13;17.0;19.0
2025-09-18 01:17:13;15.8;20.0
2025-09-18 01:22:13;17.0;28.0
2025-09-18 01:27:13;16.4;27.0
2025-09-18 01:32:13;16.6;32.0
2025-09-18 01:37:13;16.4;23.0
2025-09-18 01:42:13;15.8;22.0
2025-09-18 01:47:13;14.0;20.0
2025-09-18 01:52:13;14.8;19.0
2025-09-18 01:57:13;15.6;17.0
2025-09-18 02:02:13;14.2;28.0
2025-09-18 02:07:13;17.8;18.0
2025-09-18 02:12:13;18.0;20.0
2025-09-18 02:17:13;19.8;19.0
2025-09-18 02:22:13;18.4;21.0
2025-09-18 02:27:13;18.0;19.0
2025-09-18 02:32:13;19.2;28.0
2025-09-18 02:37:13;11.0;44.0
2025-09-18 02:42:13;10.8;52.0
2025-09-18 02:47:13;10.2;50.0
2025-09-18 02:52:13;9.6;50.0
2025-09-18 02:57:13;10.2;48.0
2025-09-18 03:02:13;11.0;54.0
2025-09-18 03:07:13;10.6;55.0
2025-09-18 03:12:13;12.0;51.0
2025-09-18 03:17:13;16.5;38.0
2025-09-18 03:22:13;13.0;35.0
2025-09-18 03:27:13;9.4;35.0
2025-09-18 03:32:13;8.6;30.0
2025-09-18 03:37:13;10.6;26.0
2025-09-18 03:42:13;12.0;37.0
2025-09-18 03:47:13;17.2;29.0
2025-09-18 03:52:13;13.0;78.0
2025-09-18 03:57:13;9.2;64.0
2025-09-18 04:02:13;10.4;67.0
2025-09-18 04:07:13;11.4;55.0
2025-09-18 04:12:13;15.6;37.0
2025-09-18 04:17:13;16.8;24.0
2025-09-18 04:22:13;18.8;31.0
2025-09-18 04:27:13;14.0;35.0
2025-09-18 04:32:13;17.6;23.0
2025-09-18 04:37:13;17.4;38.0
2025-09-18 04:42:13;17.0;23.0
2025-09-18 04:47:13;17.0;20.0
2025-09-18 04:52:13;15.0;21.0
2025-09-18 04:57:13;13.8;19.0
2025-09-18 05:02:13;15.6;18.0
2025-09-18 05:07:13;15.4;18.0
2025-09-18 05:12:13;16.2;23.0
2025-09-18 05:17:13;16.0;18.0
2025-09-18 05:22:13;13.6;35.0
2025-09-18 05:27:13;13.8;36.0
2025-09-18 05:32:13;16.2;26.0
2025-09-18 05:37:13;15.0;26.0
2025-09-18 05:42:13;14.4;30.0
2025-09-18 05:47:13;16.8;25.0
2025-09-18 05:52:13;16.6;32.0
2025-09-18 05:57:13;16.666666666666668;48.0
2025-09-18 06:02:13;13.6;36.0
2025-09-18 06:07:13;10.6;31.0
2025-09-18 06:12:13;15.8;16.0
2025-09-18 06:17:13;15.0;25.0
2025-09-18 06:22:13;16.8;32.0
2025-09-18 06:27:13;17.0;29.0
2025-09-18 22:42:13;18.0;19.0
2025-09-18 22:47:13;17.2;20.0
2025-09-18 22:52:13;19.6;14.0
2025-09-18 22:57:13;21.2;15.0
2025-09-18 23:02:13;17.2;18.0
2025-09-18 23:07:13;18.8;22.0
2025-09-18 23:12:13;19.2;15.0
2025-09-18 23:17:13;18.6;20.0
2025-09-18 23:22:13;18.8;13.0
2025-09-18 23:27:13;18.2;22.0
2025-09-18 23:32:13;20.6;16.0
2025-09-18 23:37:13;19.6;18.0
2025-09-18 23:42:13;19.2;22.0
2025-09-18 23:47:13;18.4;17.0
2025-09-18 23:52:13;20.2;13.0
2025-09-18 23:57:13;21.8;14.0
2025-09-19 00:02:13;20.6;22.0
2025-09-19 00:07:13;20.0;18.0
2025-09-19 00:12:13;17.6;33.0
2025-09-19 00:17:13;16.6;23.0
2025-09-19 00:22:13;15.6;28.0
2025-09-19 00:27:13;15.6;27.0
2025-09-19 00:32:13;16.4;32.0
2025-09-19 00:37:13;18.6;28.0
2025-09-19 00:42:13;18.0;26.0
2025-09-19 00:47:13;16.6;23.0
2025-09-19 00:52:13;18.4;22.0
2025-09-19 00:57:13;17.4;23.0
2025-09-19 01:02:13;16.75;18.0
2025-09-19 01:07:13;17.4;19.0
2025-09-19 01:12:13;17.2;12.0
2025-09-19 01:17:13;18.4;19.0
2025-09-19 01:22:13;16.4;12.0
2025-09-19 01:27:13;14.8;18.0
2025-09-19 01:32:13;19.0;13.0
2025-09-19 01:37:13;18.25;21.0
2025-09-19 01:42:13;18.2;15.0
2025-09-19 01:47:13;17.0;35.0
2025-09-19 01:52:13;17.6;29.0
2025-09-19 01:57:13;17.2;17.0
2025-09-19 02:02:13;19.4;21.0
2025-09-19 02:07:13;16.8;21.0
2025-09-19 02:12:13;16.2;25.0
2025-09-19 02:17:13;16.4;33.0
2025-09-19 02:22:13;16.2;26.0
2025-09-19 02:27:13;18.2;23.0
2025-09-19 02:32:13;16.8;24.0
2025-09-19 02:37:13;15.4;32.0
2025-09-19 02:42:13;15.8;26.0
2025-09-19 02:47:13;16.25;30.0
2025-09-19 02:52:13;16.0;21.0
2025-09-19 02:57:13;15.4;17.0
2025-09-19 03:02:13;15.8;17.0
2025-09-19 03:07:13;16.8;14.0
2025-09-19 03:12:13;15.75;29.0
2025-09-19 03:17:13;17.2;19.0
2025-09-19 03:22:13;16.8;23.0
2025-09-19 03:27:13;19.2;18.0
2025-09-19 03:32:13;17.2;17.0
2025-09-19 03:37:13;16.8;18.0
2025-09-19 03:42:13;17.5;18.0
2025-09-19 03:47:13;17.0;17.0
2025-09-19 03:52:13;18.2;22.0
2025-09-19 03:57:13;15.8;39.0
2025-09-19 04:02:13;16.5;26.0
2025-09-19 04:07:13;17.6;31.0
2025-09-19 04:12:13;18.6;21.0
2025-09-19 04:17:13;15.6;34.0
2025-09-19 04:22:13;11.4;47.0
2025-09-19 04:27:13;11.4;52.0
2025-09-19 04:32:13;13.2;38.0
2025-09-19 04:37:13;12.6;59.0
2025-09-19 04:42:13;18.0;36.0
2025-09-19 04:47:13;16.0;36.0
2025-09-19 04:52:13;16.2;16.0
2025-09-19 04:57:13;16.4;20.0
2025-09-19 05:02:13;16.0;17.0
2025-09-19 05:07:13;14.0;26.0
2025-09-19 05:12:13;10.8;54.0
2025-09-19 05:17:13;10.5;42.0
2025-09-19 05:22:13;8.2;50.0
2025-09-19 05:27:13;11.8;58.0
2025-09-19 05:32:13;10.0;46.0
2025-09-19 05:37:13;16.6;21.0
2025-09-19 05:42:13;14.0;19.0
2025-09-19 05:47:13;15.4;24.0
2025-09-19 05:52:13;17.2;31.0
2025-09-19 05:57:13;17.8;24.0
2025-09-19 06:02:13;16.4;37.0
2025-09-19 06:07:13;13.6;35.0
2025-09-19 06:12:13;16.75;28.0
2025-09-19 06:17:13;14.5;36.0
2025-09-19 06:22:13;16.8;28.0
2025-09-19 06:27:13;17.5;32.0
2025-09-19 22:51:24;18.0;27.0
2025-09-19 22:56:24;18.666666666666668;19.0
2025-09-19 23:01:24;19.25;13.0
2025-09-19 23:06:24;19.2;16.0
2025-09-19 23:11:24;17.0;16.0
2025-09-19 23:16:24;19.25;26.0
2025-09-19 23:21:24;17.8;26.0
2025-09-19 23:26:24;12.75;26.0
2025-09-19 23:31:24;14.75;29.0
2025-09-19 23:36:24;14.0;22.0
2025-09-19 23:41:24;14.4;20.0
2025-09-19 23:46:24;14.6;20.0
2025-09-19 23:51:24;15.2;17.0
2025-09-19 23:56:24;18.2;14.0
2025-09-20 00:01:24;20.4;11.0
2025-09-20 00:06:24;20.0;19.0
2025-09-20 00:11:24;19.6;20.0
2025-09-20 00:16:24;18.4;15.0
2025-09-20 00:21:24;19.6;16.0
2025-09-20 00:26:24;18.2;24.0
2025-09-20 00:31:24;17.4;26.0
2025-09-20 00:36:24;17.6;25.0
2025-09-20 00:41:24;16.4;23.0
2025-09-20 00:46:24;20.2;22.0
2025-09-20 00:51:24;19.4;22.0
2025-09-20 00:56:24;18.2;21.0
2025-09-20 01:01:24;20.2;24.0
2025-09-20 01:06:24;18.2;23.0
2025-09-20 01:11:24;18.0;23.0
2025-09-20 01:16:24;17.6;22.0
2025-09-20 01:21:24;16.4;34.0
2025-09-20 01:26:24;12.6;37.0
2025-09-20 01:31:24;16.0;32.0
2025-09-20 01:36:24;16.4;28.0
2025-09-20 01:41:24;16.4;28.0
2025-09-20 01:46:24;17.4;26.0
2025-09-20 01:51:24;17.4;22.0
2025-09-20 01:56:24;17.2;31.0
2025-09-20 02:01:24;20.2;21.0
2025-09-20 02:06:24;18.4;30.0
2025-09-20 02:16:24;10.8;65.0
2025-09-20 02:21:24;9.6;39.0
2025-09-20 02:26:24;12.8;44.0
2025-09-20 02:31:24;15.8;30.0
2025-09-20 02:36:24;17.6;25.0
2025-09-20 02:41:24;17.8;26.0
2025-09-20 02:46:24;16.2;36.0
2025-09-20 02:51:24;15.4;19.0
2025-09-20 02:56:24;15.2;26.0
2025-09-20 03:01:24;13.2;37.0
2025-09-20 03:06:24;16.2;31.0
2025-09-20 03:11:24;16.4;26.0
2025-09-20 03:16:24;17.0;17.0
2025-09-20 03:21:24;18.6;15.0
2025-09-20 03:26:24;19.4;14.0
2025-09-20 03:31:24;18.2;34.0
2025-09-20 03:36:24;17.5;24.0
2025-09-20 03:41:24;15.8;24.0
2025-09-20 03:46:24;16.4;14.0
2025-09-20 03:51:24;15.8;20.0
2025-09-20 03:56:24;17.2;15.0
2025-09-20 04:01:24;17.6;21.0
2025-09-20 04:06:24;15.8;21.0
2025-09-20 04:11:24;14.8;18.0
2025-09-20 04:16:24;16.4;16.0
2025-09-20 04:21:24;15.0;33.0
2025-09-20 04:26:24;11.8;55.0
2025-09-20 04:31:24;10.2;53.0
2025-09-20 04:36:24;10.6;59.0
2025-09-20 04:41:24;10.2;56.0
2025-09-20 04:46:24;10.6;49.0
2025-09-20 04:51:24;14.0;26.0
2025-09-20 04:56:24;15.6;24.0
2025-09-20 05:01:24;16.6;39.0
2025-09-20 05:06:24;15.6;37.0
2025-09-20 05:11:24;17.4;21.0
2025-09-20 05:16:24;17.4;15.0
2025-09-20 05:21:24;17.4;21.0
2025-09-20 05:26:24;17.2;17.0
2025-09-20 05:31:24;17.0;18.0
2025-09-20 05:36:24;14.8;20.0
2025-09-20 05:41:24;18.0;14.0
2025-09-20 05:46:24;16.8;36.0
2025-09-20 05:51:24;17.2;29.0
2025-09-20 05:56:24;18.8;26.0
2025-09-20 06:01:24;18.2;29.0
2025-09-20 06:06:24;18.4;30.0
2025-09-20 06:11:24;15.0;34.0
2025-09-20 06:16:24;15.2;39.0
2025-09-20 06:21:24;15.0;30.0
2025-09-20 06:26:24;15.6;32.0
2025-09-20 22:21:24;12.2;35.0
2025-09-20 22:26:24;12.0;40.0
2025-09-20 22:31:24;14.0;44.0
2025-09-20 22:36:24;15.8;46.0
2025-09-20 22:46:24;16.6;34.0
2025-09-20 23:01:24;15.2;74.0
2025-09-20 23:21:24;13.4;21.0
2025-09-20 23:26:24;13.4;26.0
2025-09-20 23:31:24;16.2;21.0
2025-09-20 23:36:24;16.0;22.0
2025-09-20 23:41:24;14.8;20.0
2025-09-20 23:46:24;16.6;24.0
2025-09-20 23:51:24;18.2;27.0
2025-09-20 23:56:24;15.8;23.0
2025-09-21 00:01:24;17.4;17.0
2025-09-21 00:06:24;19.2;14.0
2025-09-21 00:11:24;19.6;22.0
2025-09-21 00:16:24;18.0;19.0
2025-09-21 00:21:24;18.2;16.0
2025-09-21 00:26:24;18.6;16.0
2025-09-21 00:31:24;18.8;33.0
2025-09-21 00:36:24;15.2;15.0
2025-09-21 00:41:24;17.6;14.0
2025-09-21 00:46:24;16.2;19.0
2025-09-21 00:51:24;17.8;11.0
2025-09-21 00:56:24;18.4;11.0
2025-09-21 01:01:24;19.6;19.0
2025-09-21 01:06:24;19.2;15.0
2025-09-21 01:11:24;17.4;20.0
2025-09-21 01:16:24;17.2;19.0
2025-09-21 01:21:24;20.0;17.0
2025-09-21 01:26:24;18.6;18.0
2025-09-21 01:31:24;20.6;16.0
2025-09-21 01:36:24;18.6;15.0
2025-09-21 01:41:24;19.0;16.0
2025-09-21 01:46:24;19.0;15.0
2025-09-21 01:51:24;16.2;22.0
2025-09-21 01:56:24;15.2;25.0
2025-09-21 02:01:24;16.4;19.0
2025-09-21 02:06:24;19.4;16.0
2025-09-21 02:11:24;17.4;30.0
2025-09-21 02:16:24;16.8;27.0
2025-09-21 02:21:24;17.4;23.0
2025-09-21 02:26:24;15.4;29.0
2025-09-21 02:31:24;18.2;21.0
2025-09-21 02:36:24;18.6;28.0
2025-09-21 02:41:24;16.8;25.0
2025-09-21 02:46:24;17.8;22.0
2025-09-21 02:51:24;16.0;28.0
2025-09-21 02:56:24;12.4;27.0
2025-09-21 03:01:24;14.4;28.0
2025-09-21 03:06:24;13.4;21.0
2025-09-21 03:11:24;14.8;18.0
2025-09-21 03:16:24;14.4;22.0
2025-09-21 03:21:24;14.75;33.0
2025-09-21 03:26:24;19.2;15.0
2025-09-21 03:31:24;20.0;14.0
2025-09-21 03:36:24;18.0;13.0
2025-09-21 03:41:24;19.0;13.0
2025-09-21 03:46:24;17.0;15.0
2025-09-21 03:51:24;16.8;15.0
2025-09-21 03:56:24;17.4;15.0
2025-09-21 04:01:24;20.2;10.0
2025-09-21 04:06:24;20.6;27.0
2025-09-21 04:11:24;19.2;16.0
2025-09-21 04:16:24;17.6;17.0
2025-09-21 04:21:24;18.6;14.0
2025-09-21 04:26:24;19.4;20.0
2025-09-21 04:31:24;19.2;17.0
2025-09-21 04:36:24;18.0;19.0
2025-09-21 04:41:24;12.0;17.0
2025-09-21 04:46:24;17.2;16.0
2025-09-21 04:51:24;14.6;16.0
2025-09-21 04:56:24;16.4;17.0
2025-09-21 05:01:24;14.6;16.0
2025-09-21 05:06:24;16.8;36.0
2025-09-21 05:11:24;17.8;21.0
2025-09-21 05:16:24;18.0;26.0
2025-09-21 05:21:24;18.0;19.0
2025-09-21 05:26:24;18.8;20.0
2025-09-21 05:31:24;18.2;23.0
2025-09-21 05:36:24;19.6;24.0
2025-09-21 05:41:24;18.0;32.0
2025-09-21 05:46:24;16.6;26.0
2025-09-21 05:51:24;17.4;24.0
2025-09-21 05:56:24;18.4;25.0
2025-09-21 06:01:24;17.4;26.0
2025-09-21 06:06:24;13.8;36.0
2025-09-21 06:11:24;16.4;30.0
2025-09-21 06:16:24;15.4;45.0
2025-09-21 22:41:24;10.8;50.0
2025-09-21 22:46:24;13.8;45.0
2025-09-21 22:51:24;12.2;45.0
2025-09-21 22:56:24;18.0;26.0
2025-09-21 23:01:24;18.0;25.0
2025-09-21 23:06:24;19.4;25.0
2025-09-21 23:11:24;14.6;41.0
2025-09-21 23:16:24;12.2;41.0
2025-09-21 23:21:24;13.4;48.0
2025-09-21 23:26:24;9.8;48.0
2025-09-21 23:31:24;13.0;37.0
2025-09-21 23:36:24;11.0;42.0
2025-09-21 23:41:24;17.0;23.0
2025-09-21 23:46:24;15.6;24.0
2025-09-21 23:51:24;16.6;25.0
2025-09-21 23:56:24;16.2;25.0
2025-09-22 00:01:24;17.4;28.0
2025-09-22 00:06:24;17.4;27.0
2025-09-22 00:11:24;19.0;29.0
2025-09-22 00:16:24;16.4;34.0
2025-09-22 00:21:24;17.0;30.0
2025-09-22 00:26:24;12.6;33.0
2025-09-22 00:31:24;12.6;32.0
2025-09-22 00:36:24;15.6;32.0
2025-09-22 00:41:24;15.8;19.0
2025-09-22 00:46:24;18.4;16.0
2025-09-22 00:51:24;14.8;33.0
2025-09-22 00:56:24;13.2;28.0
2025-09-22 01:01:24;15.5;39.0
2025-09-22 01:06:24;14.5;36.0
2025-09-22 01:11:24;17.6;26.0
2025-09-22 01:16:24;18.0;27.0
2025-09-22 01:21:24;18.4;24.0
2025-09-22 01:26:24;18.2;25.0
2025-09-22 01:31:24;18.0;29.0
2025-09-22 01:36:24;18.8;26.0
2025-09-22 01:41:24;13.8;48.0
2025-09-22 01:46:24;13.0;45.0
2025-09-22 01:51:24;10.6;33.0
2025-09-22 01:56:24;10.2;29.0
2025-09-22 02:01:24;15.0;30.0
2025-09-22 02:06:24;18.6;33.0
2025-09-22 02:11:24;19.2;29.0
2025-09-22 02:16:24;17.2;23.0
2025-09-22 02:21:24;17.8;14.0
2025-09-22 02:26:24;18.4;25.0
2025-09-22 02:31:24;19.0;17.0
2025-09-22 02:36:24;17.0;35.0
2025-09-22 02:41:24;18.2;37.0
2025-09-22 02:46:24;17.6;36.0
2025-09-22 02:51:24;16.6;41.0
2025-09-22 02:56:24;16.2;29.0
2025-09-22 03:01:24;17.8;26.0
2025-09-22 03:06:24;19.0;19.0
2025-09-22 03:11:24;17.4;18.0
2025-09-22 03:16:24;18.2;17.0
2025-09-22 03:21:24;20.4;18.0
2025-09-22 03:26:24;19.6;16.0
2025-09-22 03:31:24;17.4;26.0
2025-09-22 03:36:24;19.25;38.0
2025-09-22 03:41:24;19.0;23.0
2025-09-22 03:46:24;18.0;23.0
2025-09-22 03:51:24;19.8;27.0
2025-09-22 03:56:24;18.4;29.0
2025-09-22 04:01:24;18.4;24.0
2025-09-22 04:06:24;19.6;26.0
2025-09-22 04:11:24;19.0;27.0
2025-09-22 04:16:24;19.0;26.0
2025-09-22 04:21:24;18.4;32.0
2025-09-22 04:26:24;18.6;31.0
2025-09-22 04:31:24;15.5;41.0
2025-09-22 04:36:24;17.4;27.0
2025-09-22 04:41:24;14.4;33.0
2025-09-22 04:46:24;14.4;34.0
2025-09-22 04:51:24;12.4;30.0
2025-09-22 04:56:24;15.8;38.0
2025-09-22 05:01:24;13.8;35.0
2025-09-22 05:06:24;15.6;35.0
2025-09-22 05:11:24;17.2;25.0
2025-09-22 05:16:24;17.2;22.0
2025-09-22 05:21:24;15.2;29.0
2025-09-22 05:26:24;11.8;29.0
2025-09-22 05:31:24;14.8;20.0
2025-09-22 05:36:24;15.4;24.0
2025-09-22 05:41:24;12.8;32.0
2025-09-22 05:46:24;14.6;28.0
2025-09-22 05:51:24;16.4;20.0
2025-09-22 05:56:24;16.4;26.0
2025-09-22 06:01:24;17.4;28.0
2025-09-22 06:06:24;14.8;46.0
2025-09-22 06:11:24;17.5;40.0
2025-09-22 06:16:24;15.8;47.0
2025-09-22 06:21:24;10.2;43.0
2025-09-22 06:26:24;18.8;27.0
2025-09-22 22:26:24;18.2;27.0
2025-09-22 22:31:24;18.4;43.0
2025-09-22 22:36:24;18.2;26.0
2025-09-22 22:41:24;15.2;26.0
2025-09-22 22:46:24;13.8;24.0
2025-09-22 22:51:24;16.2;20.0
2025-09-22 22:56:24;16.0;19.0
2025-09-22 23:01:24;15.6;18.0
2025-09-22 23:06:24;14.2;22.0
2025-09-22 23:11:24;15.4;15.0
2025-09-22 23:16:24;13.8;24.0
2025-09-22 23:21:24;15.4;27.0
2025-09-22 23:26:24;14.8;22.0
2025-09-22 23:31:24;14.8;24.0
2025-09-22 23:36:24;14.0;21.0
2025-09-22 23:41:24;17.4;14.0
2025-09-22 23:46:24;17.4;15.0
2025-09-22 23:51:24;20.4;15.0
2025-09-22 23:56:24;16.4;24.0
2025-09-23 00:01:24;14.75;22.0
2025-09-23 00:06:24;15.0;36.0
2025-09-23 00:11:24;16.4;22.0
2025-09-23 00:16:24;15.8;30.0
2025-09-23 00:21:24;14.8;39.0
2025-09-23 00:26:24;16.8;24.0
2025-09-23 00:31:24;16.6;26.0
2025-09-23 00:36:24;15.6;23.0
2025-09-23 00:41:24;16.0;24.0
2025-09-23 00:46:24;13.2;27.0
2025-09-23 00:51:24;13.2;31.0
2025-09-23 00:56:24;13.2;31.0
2025-09-23 01:01:24;13.4;28.0
2025-09-23 01:06:24;13.2;31.0
2025-09-23 01:11:24;13.0;32.0
2025-09-23 01:16:24;16.5;23.0
2025-09-23 01:21:24;16.0;32.0
2025-09-23 01:26:24;17.0;17.0
2025-09-23 01:31:24;16.6;16.0
2025-09-23 01:36:24;16.4;15.0
2025-09-23 01:41:24;17.8;30.0
2025-09-23 01:46:24;19.2;27.0
2025-09-23 01:51:24;18.2;25.0
2025-09-23 01:56:24;19.2;18.0
2025-09-23 02:01:24;18.6;18.0
2025-09-23 02:06:24;18.8;16.0
2025-09-23 02:11:24;19.0;17.0
2025-09-23 02:16:24;17.6;24.0
2025-09-23 02:21:24;20.0;27.0
2025-09-23 02:26:24;19.0;20.0
2025-09-23 02:31:24;19.4;21.0
2025-09-23 02:36:24;19.4;23.0
2025-09-23 02:41:24;19.2;16.0
2025-09-23 02:46:24;18.2;33.0
2025-09-23 02:51:24;11.8;38.0
2025-09-23 02:56:24;18.4;21.0
2025-09-23 03:01:24;17.2;30.0
2025-09-23 03:06:24;17.8;27.0
2025-09-23 03:11:24;19.0;20.0
2025-09-23 03:16:24;20.0;27.0
2025-09-23 03:21:24;14.6;23.0
2025-09-23 03:26:24;15.2;34.0
2025-09-23 03:31:24;15.4;22.0
2025-09-23 03:36:24;16.6;21.0
2025-09-23 03:41:24;16.8;21.0
2025-09-23 03:46:24;12.4;31.0
2025-09-23 03:51:24;13.8;25.0
2025-09-23 03:56:24;16.4;22.0
2025-09-23 04:01:24;11.8;24.0
2025-09-23 04:06:24;15.6;22.0
2025-09-23 04:11:24;13.8;48.0
2025-09-23 04:26:24;13.2;30.0
2025-09-23 04:31:24;15.4;18.0
2025-09-23 04:36:24;17.2;17.0
2025-09-23 04:41:24;11.4;62.0
2025-09-23 04:46:24;12.4;39.0
2025-09-23 04:51:24;13.0;45.0
2025-09-23 04:56:24;15.2;50.0
2025-09-23 05:01:24;16.4;27.0
2025-09-23 05:06:24;15.8;39.0
2025-09-23 05:11:24;16.8;46.0
2025-09-23 05:16:24;10.8;55.0
2025-09-23 05:21:24;15.8;26.0
2025-09-23 05:26:24;11.2;52.0
2025-09-23 05:31:24;10.4;61.0
2025-09-23 05:36:24;15.0;23.0
2025-09-23 05:41:24;16.4;30.0
2025-09-23 05:46:24;15.8;35.0
2025-09-23 05:51:24;16.6;34.0
2025-09-23 05:56:24;15.0;30.0
2025-09-23 06:01:24;17.0;26.0
2025-09-23 06:06:24;18.4;32.0
2025-09-23 06:11:24;17.0;36.0
2025-09-23 06:16:24;15.8;33.0
2025-09-23 06:21:24;14.8;36.0
2025-09-23 06:26:24;15.2;31.0
2025-09-23 22:26:24;19.0;14.0
2025-09-23 22:31:24;18.0;15.0
2025-09-23 22:36:24;20.0;15.0
2025-09-23 22:41:24;20.0;18.0
2025-09-23 22:46:24;18.4;17.0
2025-09-23 22:51:24;20.2;16.0
2025-09-23 22:56:24;17.8;16.0
2025-09-23 23:01:24;18.8;16.0
2025-09-23 23:06:24;18.8;16.0
2025-09-23 23:11:24;16.2;20.0
2025-09-23 23:16:24;14.4;25.0
2025-09-23 23:21:24;13.6;24.0
2025-09-23 23:26:24;14.2;21.0
2025-09-23 23:31:24;15.0;27.0
2025-09-23 23:36:24;18.2;13.0
2025-09-23 23:41:24;19.5;13.0
2025-09-23 23:46:24;19.6;14.0
2025-09-23 23:51:24;21.0;15.0
2025-09-23 23:56:24;18.2;30.0
2025-09-24 00:01:24;19.75;20.0
2025-09-24 00:06:24;18.8;31.0
2025-09-24 00:11:24;11.4;49.0
2025-09-24 00:16:24;12.8;56.0
2025-09-24 00:21:24;9.2;51.0
2025-09-24 00:26:24;13.0;63.0
2025-09-24 00:31:24;13.2;57.0
2025-09-24 00:36:24;15.2;31.0
2025-09-24 00:41:24;15.4;22.0
2025-09-24 01:01:24;14.6;27.0
2025-09-24 01:06:24;15.6;27.0
2025-09-24 01:11:24;17.2;21.0
2025-09-24 01:16:24;17.0;29.0
2025-09-24 01:21:24;13.2;44.0
2025-09-24 01:26:24;16.75;39.0
2025-09-24 01:31:24;15.4;51.0
2025-09-24 01:36:24;17.2;58.0
2025-09-24 01:41:24;15.4;78.0
2025-09-24 01:46:24;14.2;43.0
2025-09-24 01:51:24;16.2;54.0
2025-09-24 01:56:24;15.2;43.0
2025-09-24 02:01:24;18.6;18.0
2025-09-24 02:06:24;22.0;16.0
2025-09-24 02:11:24;20.4;16.0
2025-09-24 02:16:24;20.6;16.0
2025-09-24 02:21:24;20.6;18.0
2025-09-24 02:26:24;19.0;26.0
2025-09-24 02:31:24;19.4;33.0
2025-09-24 02:36:24;17.8;26.0
2025-09-24 02:41:24;18.4;25.0
2025-09-24 02:46:24;16.6;16.0
2025-09-24 02:51:24;19.0;15.0
2025-09-24 02:56:24;19.8;16.0
2025-09-24 03:01:24;17.2;22.0
2025-09-24 03:06:24;16.6;21.0
2025-09-24 03:11:24;18.2;19.0
2025-09-24 03:16:24;19.8;18.0
2025-09-24 03:21:24;17.2;23.0
2025-09-24 03:26:24;16.2;21.0
2025-09-24 03:31:24;17.6;20.0
2025-09-24 03:36:24;18.4;19.0
2025-09-24 03:41:24;20.4;16.0
2025-09-24 03:46:24;20.0;22.0
2025-09-24 03:51:24;18.0;29.0
2025-09-24 03:56:24;21.2;18.0
2025-09-24 04:01:24;19.6;17.0
2025-09-24 04:06:24;19.2;14.0
2025-09-24 04:11:24;20.2;15.0
2025-09-24 04:16:24;20.6;14.0
2025-09-24 04:21:24;20.8;16.0
2025-09-24 04:26:24;20.2;16.0
2025-09-24 04:31:24;16.8;24.0
2025-09-24 04:36:24;17.2;24.0
2025-09-24 04:41:24;12.0;31.0
2025-09-24 04:46:24;8.6;39.0
2025-09-24 04:51:24;11.2;35.0
2025-09-24 04:56:24;12.0;32.0
2025-09-24 05:01:24;16.0;24.0
2025-09-24 05:06:24;16.2;14.0
2025-09-24 05:11:24;15.0;27.0
2025-09-24 05:16:24;13.2;14.0
2025-09-24 05:21:24;15.2;15.0
2025-09-24 05:26:24;16.4;24.0
2025-09-24 05:31:24;18.2;22.0
2025-09-24 05:36:24;14.2;37.0
2025-09-24 05:41:24;17.5;36.0
2025-09-24 05:46:24;12.8;57.0
2025-09-24 05:51:24;0.0;49.0
2025-09-24 05:56:24;0.0;51.0
2025-09-24 06:01:24;0.0;46.0
2025-09-24 06:06:24;0.0;45.0
2025-09-24 06:11:24;2.4;60.0
2025-09-24 06:16:24;10.4;54.0
2025-09-24 06:21:24;12.6;43.0
2025-09-24 06:26:24;12.0;46.0
2025-09-24 22:46:24;18.6;24.0
2025-09-24 22:51:24;17.6;22.0
2025-09-24 22:56:24;18.0;26.0
2025-09-24 23:01:24;17.4;21.0
2025-09-24 23:06:24;16.6;32.0
2025-09-24 23:11:24;16.4;22.0
2025-09-24 23:16:24;14.4;17.0
2025-09-24 23:21:24;15.2;15.0
2025-09-24 23:26:24;16.0;16.0
2025-09-24 23:31:24;14.0;16.0
2025-09-24 23:36:24;14.8;29.0
2025-09-24 23:41:24;17.0;31.0
2025-09-24 23:46:24;18.6;31.0
2025-09-24 23:51:24;17.0;27.0
2025-09-24 23:56:24;11.2;52.0
2025-09-25 00:01:24;11.8;59.0
2025-09-25 00:06:24;15.6;29.0
2025-09-25 00:11:24;18.0;26.0
2025-09-25 00:16:24;20.2;16.0
2025-09-25 00:21:24;19.8;23.0
2025-09-25 00:26:24;20.2;23.0
2025-09-25 00:31:24;19.4;22.0
2025-09-25 00:36:24;20.6;24.0
2025-09-25 00:41:24;20.4;24.0
2025-09-25 00:46:24;20.6;27.0
2025-09-25 00:51:24;19.2;32.0
2025-09-25 00:56:24;18.0;31.0
2025-09-25 01:01:24;18.4;24.0
2025-09-25 01:06:24;20.2;18.0
2025-09-25 01:11:24;20.2;18.0
2025-09-25 01:16:24;19.6;18.0
2025-09-25 01:21:24;17.0;39.0
2025-09-25 01:26:24;18.4;40.0
2025-09-25 01:31:24;19.2;32.0
2025-09-25 01:36:24;20.2;24.0
2025-09-25 01:41:24;20.8;26.0
2025-09-25 01:46:24;19.2;24.0
2025-09-25 01:51:24;19.8;26.0
2025-09-25 01:56:24;19.6;26.0
2025-09-25 02:01:24;19.8;24.0
2025-09-25 02:06:24;19.2;35.0
2025-09-25 02:11:24;17.6;40.0
2025-09-25 02:16:24;13.8;35.0
2025-09-25 02:21:24;17.6;14.0
2025-09-25 02:26:24;19.0;15.0
2025-09-25 02:31:24;19.4;12.0
2025-09-25 02:36:24;16.6;17.0
2025-09-25 02:41:24;20.6;13.0
2025-09-25 02:46:24;19.0;16.0
2025-09-25 02:51:24;19.2;28.0
2025-09-25 02:56:24;15.4;25.0
2025-09-25 03:01:24;10.8;33.0
2025-09-25 03:06:24;8.8;36.0
2025-09-25 03:11:24;12.4;52.0
2025-09-25 03:16:24;13.0;46.0
2025-09-25 03:21:24;10.2;43.0
2025-09-25 03:26:24;12.4;46.0
2025-09-25 03:31:24;10.4;38.0
2025-09-25 03:36:24;13.6;30.0
2025-09-25 03:41:24;15.6;19.0
2025-09-25 03:46:24;14.6;20.0
2025-09-25 03:51:24;15.4;29.0
2025-09-25 03:56:24;14.0;32.0
2025-09-25 04:01:24;17.6;20.0
2025-09-25 04:06:24;15.4;29.0
2025-09-25 04:11:24;15.4;36.0
2025-09-25 04:16:24;17.8;37.0
2025-09-25 04:21:24;18.2;39.0
2025-09-25 04:26:24;17.8;24.0
2025-09-25 04:31:24;17.4;23.0
2025-09-25 04:36:24;16.2;21.0
2025-09-25 04:41:24;14.2;35.0
2025-09-25 04:46:24;15.4;26.0
2025-09-25 04:51:24;15.6;26.0
2025-09-25 04:56:24;16.4;19.0
2025-09-25 05:01:24;15.4;13.0
2025-09-25 05:06:24;17.4;22.0
2025-09-25 05:11:24;17.4;15.0
2025-09-25 05:16:24;16.4;25.0
2025-09-25 05:21:24;17.2;27.0
2025-09-25 05:26:24;16.2;25.0
2025-09-25 05:31:24;14.8;40.0
2025-09-25 05:36:24;16.2;19.0
2025-09-25 05:41:24;17.4;33.0
2025-09-25 05:46:24;16.8;31.0
2025-09-25 05:51:24;16.4;31.0
2025-09-25 05:56:24;14.0;25.0
2025-09-25 06:01:24;12.8;31.0
2025-09-25 06:06:24;8.8;33.0
2025-09-25 06:11:24;9.0;34.0
2025-09-25 06:16:24;11.8;41.0
2025-09-25 06:21:24;12.6;39.0
2025-09-25 06:26:24;11.2;38.0
2025-09-25 23:56:24;18.4;25.0
2025-09-26 00:01:24;17.0;25.0
2025-09-26 00:06:24;15.2;17.0
2025-09-26 00:11:24;15.0;18.0
2025-09-26 00:16:24;15.4;16.0
2025-09-26 00:21:24;15.4;15.0
2025-09-26 00:26:24;15.75;16.0
2025-09-26 00:31:24;13.4;23.0
2025-09-26 00:36:24;14.4;23.0
2025-09-26 00:41:24;14.2;19.0
2025-09-26 00:46:24;12.8;33.0
2025-09-26 00:51:24;12.4;29.0
2025-09-26 00:56:24;12.0;29.0
2025-09-26 01:01:24;13.8;26.0
2025-09-26 01:06:24;14.8;20.0
2025-09-26 01:11:24;17.6;21.0
2025-09-26 01:16:24;17.4;21.0
2025-09-26 01:21:24;17.8;17.0
2025-09-26 01:26:24;14.6;38.0
2025-09-26 01:31:24;16.25;25.0
2025-09-26 01:36:24;17.6;23.0
2025-09-26 01:41:24;12.8;45.0
2025-09-26 01:46:24;10.4;60.0
2025-09-26 01:51:24;9.4;33.0
2025-09-26 01:56:24;15.75;25.0
2025-09-26 02:01:24;16.2;21.0
2025-09-26 02:06:24;15.6;22.0
2025-09-26 02:11:24;14.0;39.0
2025-09-26 02:16:24;12.0;39.0
2025-09-26 02:21:24;14.0;26.0
2025-09-26 02:26:24;15.0;41.0
2025-09-26 02:31:24;12.0;46.0
2025-09-26 02:36:24;14.0;36.0
2025-09-26 02:41:24;14.8;28.0
2025-09-26 02:46:24;14.6;24.0
2025-09-26 02:51:24;14.8;32.0
2025-09-26 02:56:24;16.2;20.0
2025-09-26 03:01:24;17.2;18.0
2025-09-26 03:06:24;17.25;39.0
2025-09-26 03:11:24;18.0;24.0
2025-09-26 03:16:24;18.0;20.0
2025-09-26 03:21:24;17.2;22.0
2025-09-26 03:26:24;19.2;23.0
2025-09-26 03:31:24;19.4;26.0
2025-09-26 03:36:24;19.0;22.0
2025-09-26 03:41:24;19.4;25.0
2025-09-26 03:46:24;17.0;28.0
2025-09-26 03:51:24;16.4;32.0
2025-09-26 03:56:24;17.2;41.0
2025-09-26 04:01:24;16.8;28.0
2025-09-26 04:06:24;17.6;31.0
2025-09-26 04:11:24;17.0;36.0
2025-09-26 04:16:24;17.8;30.0
2025-09-26 04:21:24;18.8;33.0
2025-09-26 04:26:24;20.2;29.0
2025-09-26 04:31:24;20.0;39.0
2025-09-26 04:36:24;17.4;34.0
2025-09-26 04:41:24;14.2;49.0
2025-09-26 04:46:24;13.0;83.0
2025-09-26 05:31:24;7.2;47.0
2025-09-26 05:36:24;16.4;28.0
2025-09-26 05:41:24;15.2;36.0
2025-09-26 05:46:24;15.8;58.0
2025-09-26 05:51:24;14.4;38.0
2025-09-26 05:56:24;11.0;39.0
2025-09-26 06:01:24;4.4;34.0
2025-09-26 06:06:24;0.0;38.0
2025-09-26 06:11:24;0.0;32.0
2025-09-26 06:16:24;0.0;32.0
2025-09-26 06:21:24;11.6;33.0
2025-09-26 06:26:24;12.4;27.0
2025-09-27 00:01:24;19.0;37.0
2025-09-27 00:06:24;18.8;34.0
2025-09-27 00:11:24;13.4;41.0
2025-09-27 00:16:24;14.6;39.0
2025-09-27 00:21:24;10.6;44.0
2025-09-27 00:26:24;10.6;44.0
2025-09-27 00:31:24;11.8;51.0
2025-09-27 00:36:24;11.0;34.0
2025-09-27 00:41:24;10.6;42.0
2025-09-27 00:46:24;9.0;41.0
2025-09-27 00:51:24;7.8;38.0
2025-09-27 00:56:24;10.8;36.0
2025-09-27 01:01:24;9.6;34.0
2025-09-27 01:06:24;9.6;33.0
2025-09-27 01:11:24;13.0;32.0
2025-09-27 01:16:24;13.4;29.0
2025-09-27 01:21:24;13.0;34.0
2025-09-27 01:26:24;12.2;30.0
2025-09-27 01:31:24;12.4;28.0
2025-09-27 01:36:24;14.8;31.0
2025-09-27 01:41:24;17.6;29.0
2025-09-27 01:46:24;17.2;30.0
2025-09-27 01:51:24;16.2;22.0
2025-09-27 01:56:24;16.4;25.0
2025-09-27 02:01:24;14.6;19.0
2025-09-27 02:06:24;17.4;30.0
2025-09-27 02:11:24;14.2;66.0
2025-09-27 02:16:24;13.6;82.0
2025-09-27 02:21:24;12.8;71.0
2025-09-27 02:26:24;13.8;46.0
2025-09-27 02:31:24;14.4;30.0
2025-09-27 02:36:24;16.2;29.0
2025-09-27 02:41:24;17.0;26.0
2025-09-27 02:46:24;17.0;25.0
2025-09-27 02:51:24;16.2;24.0
2025-09-27 02:56:24;16.8;28.0
2025-09-27 03:01:24;16.6;27.0
2025-09-27 03:06:24;14.8;39.0
2025-09-27 03:11:24;15.2;41.0
2025-09-27 03:16:24;14.6;36.0
2025-09-27 03:21:24;16.2;33.0
2025-09-27 03:26:24;13.0;48.0
2025-09-27 03:31:24;13.0;46.0
2025-09-27 03:36:24;12.0;37.0
2025-09-27 03:41:24;13.2;30.0
2025-09-27 03:46:24;16.6;19.0
2025-09-27 03:51:24;18.2;25.0
2025-09-27 03:56:24;18.6;48.0
2025-09-27 04:01:24;14.0;54.0
2025-09-27 04:06:24;15.8;20.0
2025-09-27 04:11:24;15.8;22.0
2025-09-27 04:16:24;16.2;24.0
2025-09-27 04:21:24;15.0;32.0
2025-09-27 04:26:24;13.6;62.0
2025-09-27 04:31:24;11.2;59.0
2025-09-27 04:36:24;14.0;47.0
2025-09-27 04:41:24;15.6;40.0
2025-09-27 04:46:24;14.2;39.0
2025-09-27 04:51:24;12.8;52.0
2025-09-27 04:56:24;15.4;56.0
2025-09-27 05:11:24;13.0;17.0
2025-09-27 05:16:24;13.4;44.0
2025-09-27 05:21:24;15.2;29.0
2025-09-27 05:26:24;14.4;35.0
2025-09-27 05:31:24;13.4;39.0
2025-09-27 05:36:24;10.4;29.0
2025-09-27 05:41:24;18.2;22.0
2025-09-27 05:46:24;18.6;41.0
2025-09-27 05:51:24;18.0;39.0
2025-09-27 05:56:24;17.8;41.0
2025-09-27 06:01:24;14.4;29.0
2025-09-27 06:06:24;16.2;26.0
2025-09-27 06:11:24;17.6;31.0
2025-09-27 06:16:24;16.6;40.0
2025-09-27 06:21:24;16.8;40.0
2025-09-27 06:26:24;15.2;45.0
2025-09-27 22:41:24;18.666666666666668;33.0
2025-09-27 22:46:24;17.2;22.0
2025-09-27 22:51:24;16.2;17.0
2025-09-27 22:56:24;18.0;15.0
2025-09-27 23:01:24;16.8;14.0
2025-09-27 23:06:24;18.4;15.0
2025-09-27 23:11:24;17.4;14.0
2025-09-27 23:16:24;16.2;23.0
2025-09-27 23:21:24;18.4;35.0
2025-09-27 23:26:24;18.2;17.0
2025-09-27 23:31:24;16.4;22.0
2025-09-27 23:36:24;15.6;15.0
2025-09-27 23:41:24;17.8;14.0
2025-09-27 23:46:24;17.0;19.0
2025-09-27 23:51:24;18.6;16.0
2025-09-27 23:56:24;18.2;15.0
2025-09-28 00:01:24;16.6;17.0
2025-09-28 00:06:24;17.0;17.0
2025-09-28 00:11:24;17.0;22.0
2025-09-28 00:16:24;16.0;21.0
2025-09-28 00:21:24;16.6;20.0
2025-09-28 00:26:24;17.0;29.0
2025-09-28 00:31:24;15.2;40.0
2025-09-28 00:36:24;16.0;26.0
2025-09-28 00:41:24;16.8;30.0
2025-09-28 00:46:24;18.0;31.0
2025-09-28 00:51:24;18.4;29.0
2025-09-28 00:56:24;18.0;35.0
2025-09-28 01:01:24;18.0;32.0
2025-09-28 01:06:24;17.6;35.0
2025-09-28 01:11:24;18.2;37.0
2025-09-28 01:16:24;17.4;38.0
2025-09-28 01:21:24;16.6;30.0
2025-09-28 01:26:24;17.0;43.0
2025-09-28 01:31:24;11.2;31.0
2025-09-28 01:36:24;17.8;21.0
2025-09-28 01:41:24;16.0;20.0
2025-09-28 01:46:24;18.2;22.0
2025-09-28 01:51:24;18.4;47.0
2025-09-28 01:56:24;14.0;43.0
2025-09-28 02:01:24;12.4;24.0
2025-09-28 02:06:24;14.4;36.0
2025-09-28 02:11:24;12.6;36.0
2025-09-28 02:16:24;13.2;60.0
2025-09-28 02:21:24;10.6;54.0
2025-09-28 02:26:24;12.25;48.0
2025-09-28 02:31:24;15.6;31.0
2025-09-28 02:36:24;17.6;25.0
2025-09-28 02:41:24;17.0;30.0
2025-09-28 02:46:24;16.4;29.0
2025-09-28 02:51:24;17.6;28.0
2025-09-28 02:56:24;17.8;39.0
2025-09-28 03:01:24;14.6;35.0
2025-09-28 03:06:24;15.8;31.0
2025-09-28 03:11:24;17.6;33.0
2025-09-28 03:16:24;17.8;20.0
2025-09-28 03:21:24;19.6;17.0
2025-09-28 03:26:24;18.8;33.0
2025-09-28 03:31:24;17.4;24.0
2025-09-28 03:36:24;18.6;37.0
2025-09-28 03:41:24;17.6;42.0
2025-09-28 03:46:24;17.4;37.0
2025-09-28 03:51:24;16.8;37.0
2025-09-28 03:56:24;17.2;29.0
2025-09-28 04:01:24;17.0;31.0
2025-09-28 04:06:24;18.2;41.0
2025-09-28 04:11:24;18.0;34.0
2025-09-28 04:16:24;16.8;33.0
2025-09-28 04:21:24;17.6;34.0
2025-09-28 04:26:24;17.0;27.0
2025-09-28 04:31:24;17.0;30.0
2025-09-28 04:36:24;16.6;28.0
2025-09-28 04:41:24;19.4;28.0
2025-09-28 04:46:24;16.8;36.0
2025-09-28 04:51:24;17.0;30.0
2025-09-28 04:56:24;18.8;20.0
2025-09-28 05:01:24;18.6;21.0
2025-09-28 05:06:24;20.0;18.0
2025-09-28 05:11:24;20.4;41.0
2025-09-28 05:16:24;19.0;22.0
2025-09-28 05:21:24;19.0;30.0
2025-09-28 05:26:24;18.2;25.0
2025-09-28 05:31:24;16.0;26.0
2025-09-28 05:36:24;15.2;42.0
2025-09-28 05:41:24;12.6;41.0
2025-09-28 05:46:24;12.0;21.0
2025-09-28 05:51:24;13.2;14.0
2025-09-28 05:56:24;16.2;15.0
2025-09-28 06:01:24;17.0;15.0
2025-09-28 06:06:24;18.0;36.0
2025-09-28 06:11:24;16.8;25.0
2025-09-28 06:16:24;16.8;35.0
2025-09-28 06:21:24;17.4;24.0
2025-09-28 06:26:24;16.6;22.0
2025-09-28 22:36:24;16.25;33.0
2025-09-28 22:41:24;16.4;19.0
2025-09-28 22:46:24;17.6;23.0
2025-09-28 22:51:24;18.6;16.0
2025-09-28 22:56:24;17.2;19.0
2025-09-28 23:01:24;18.4;18.0
2025-09-28 23:06:24;20.2;17.0
2025-09-28 23:11:24;19.8;18.0
2025-09-28 23:16:24;17.6;18.0
2025-09-28 23:21:24;18.8;18.0
2025-09-28 23:26:24;20.0;15.0
2025-09-28 23:31:24;19.4;18.0
2025-09-28 23:36:24;19.8;29.0
2025-09-28 23:41:24;17.0;31.0
2025-09-28 23:46:24;16.6;33.0
2025-09-28 23:51:24;13.8;31.0
2025-09-28 23:56:24;13.8;43.0
2025-09-29 00:01:24;11.8;36.0
2025-09-29 00:06:24;13.0;25.0
2025-09-29 00:11:24;13.4;26.0
2025-09-29 00:16:24;13.0;25.0
2025-09-29 00:21:24;15.6;26.0
2025-09-29 00:26:24;13.0;25.0
2025-09-29 00:31:24;12.333333333333334;38.0
2025-09-29 00:36:24;19.0;26.0
2025-09-29 00:41:24;17.0;34.0
2025-09-29 00:46:24;18.2;39.0
2025-09-29 00:51:24;18.4;31.0
2025-09-29 00:56:24;15.2;33.0
2025-09-29 01:01:24;18.8;27.0
2025-09-29 01:06:24;18.8;26.0
2025-09-29 01:11:24;19.6;25.0
2025-09-29 01:16:24;19.8;29.0
2025-09-29 01:21:24;18.8;27.0
2025-09-29 01:26:24;19.8;18.0
2025-09-29 01:31:24;20.4;22.0
2025-09-29 01:36:24;19.4;25.0
2025-09-29 01:41:24;18.0;28.0
2025-09-29 01:46:24;19.6;23.0
2025-09-29 01:51:24;19.2;17.0
2025-09-29 01:56:24;18.0;18.0
2025-09-29 02:01:24;16.2;19.0
2025-09-29 02:06:24;17.0;18.0
2025-09-29 02:11:24;17.4;19.0
2025-09-29 02:16:24;17.0;20.0
2025-09-29 02:21:24;17.2;19.0
2025-09-29 02:26:24;18.2;18.0
2025-09-29 02:31:24;17.0;17.0
2025-09-29 02:36:24;13.8;33.0
2025-09-29 02:41:24;15.0;25.0
2025-09-29 02:46:24;16.4;21.0
2025-09-29 02:51:24;17.4;18.0
2025-09-29 02:56:24;18.6;19.0
2025-09-29 03:01:24;17.2;20.0
2025-09-29 03:06:24;18.0;19.0
2025-09-29 03:11:24;18.0;25.0
2025-09-29 03:16:24;15.6;33.0
2025-09-29 03:21:24;17.0;26.0
2025-09-29 03:26:24;16.2;26.0
2025-09-29 03:31:24;18.8;24.0
2025-09-29 03:36:24;16.6;28.0
2025-09-29 03:41:24;16.0;23.0
2025-09-29 03:46:24;17.0;33.0
2025-09-29 03:51:24;15.0;38.0
2025-09-29 03:56:24;14.8;39.0
2025-09-29 04:01:24;16.4;38.0
2025-09-29 04:06:24;15.8;36.0
2025-09-29 04:11:24;14.0;42.0
2025-09-29 04:16:24;17.2;27.0
2025-09-29 04:21:24;16.6;25.0
2025-09-29 04:26:24;14.8;39.0
2025-09-29 04:31:24;11.4;42.0
2025-09-29 04:36:24;13.0;41.0
2025-09-29 04:41:24;16.2;28.0
2025-09-29 04:46:24;17.4;23.0
2025-09-29 04:51:24;17.2;21.0
2025-09-29 04:56:24;18.0;39.0
2025-09-29 05:01:24;17.8;34.0
2025-09-29 05:06:24;18.4;22.0
2025-09-29 05:11:24;19.4;21.0
2025-09-29 05:16:24;18.8;22.0
2025-09-29 05:21:24;16.6;30.0
2025-09-29 05:26:24;14.4;25.0
2025-09-29 05:31:24;16.6;33.0
2025-09-29 05:36:24;12.8;59.0
2025-09-29 05:51:24;13.8;32.0
2025-09-29 05:56:24;16.4;27.0
2025-09-29 06:01:24;15.4;30.0
2025-09-29 06:06:24;14.4;26.0
2025-09-29 06:11:24;17.0;27.0
2025-09-29 06:16:24;15.2;27.0
2025-09-29 06:21:24;17.0;25.0
2025-09-29 06:26:24;14.8;28.0
2025-09-29 22:06:23;19.75;25.0
2025-09-29 22:11:23;18.0;26.0
2025-09-29 22:16:23;16.4;26.0
2025-09-29 22:21:23;11.4;57.0
2025-09-29 22:26:23;12.6;63.0
2025-09-29 22:31:23;13.0;59.0
2025-09-29 22:36:23;11.2;72.0
2025-09-29 22:41:23;13.8;58.0
2025-09-29 22:46:23;18.0;34.0
2025-09-29 22:51:23;16.6;27.0
2025-09-29 22:56:23;16.6;24.0
2025-09-29 23:01:23;17.2;22.0
2025-09-29 23:06:23;18.2;21.0
2025-09-29 23:11:23;19.2;20.0
2025-09-29 23:16:23;17.8;18.0
2025-09-29 23:21:23;19.0;15.0
2025-09-29 23:26:23;17.8;15.0
2025-09-29 23:31:23;17.6;18.0
2025-09-29 23:36:23;15.2;34.0
2025-09-29 23:41:23;19.4;23.0
2025-09-29 23:46:23;19.6;20.0
2025-09-29 23:51:23;18.2;21.0
2025-09-29 23:56:23;16.6;23.0
2025-09-30 00:01:23;16.6;26.0
2025-09-30 00:06:23;18.2;24.0
2025-09-30 00:11:23;16.4;26.0
2025-09-30 00:16:23;15.0;19.0
2025-09-30 00:21:23;14.2;25.0
2025-09-30 00:26:23;17.8;24.0
2025-09-30 00:31:23;17.6;30.0
2025-09-30 00:36:23;18.6;26.0
2025-09-30 00:41:23;16.8;25.0
2025-09-30 00:46:23;17.2;21.0
2025-09-30 00:51:23;19.4;15.0
2025-09-30 00:56:23;18.2;18.0
2025-09-30 01:01:23;21.4;16.0
2025-09-30 01:06:23;18.6;17.0
2025-09-30 01:11:23;20.0;17.0
2025-09-30 01:16:23;18.2;28.0
2025-09-30 01:21:23;18.4;18.0
2025-09-30 01:26:23;19.4;19.0
2025-09-30 01:31:23;17.6;24.0
2025-09-30 01:36:23;16.0;23.0
2025-09-30 01:41:23;16.2;26.0
2025-09-30 01:46:23;15.2;22.0
2025-09-30 01:51:23;17.2;23.0
2025-09-30 01:56:23;16.4;24.0
2025-09-30 02:01:23;15.2;25.0
2025-09-30 02:06:23;14.0;22.0
2025-09-30 02:11:23;15.2;25.0
2025-09-30 02:16:23;14.6;23.0
2025-09-30 02:21:23;14.6;25.0
2025-09-30 02:26:23;13.8;24.0
2025-09-30 02:31:23;15.6;18.0
2025-09-30 02:36:23;18.2;13.0
2025-09-30 02:41:23;18.0;23.0
2025-09-30 02:46:23;15.8;21.0
2025-09-30 02:51:23;17.0;30.0
2025-09-30 02:56:23;18.0;27.0
2025-09-30 03:01:23;15.4;20.0
2025-09-30 03:06:23;18.2;16.0
2025-09-30 03:11:23;18.2;16.0
2025-09-30 03:16:23;16.6;17.0
2025-09-30 03:21:23;16.8;14.0
2025-09-30 03:26:23;17.2;15.0
2025-09-30 03:31:23;16.4;24.0
2025-09-30 03:36:23;17.4;17.0
2025-09-30 03:41:23;17.8;11.0
2025-09-30 03:46:23;17.0;12.0
2025-09-30 03:51:23;16.6;25.0
2025-09-30 03:56:23;14.8;22.0
2025-09-30 04:01:23;15.4;28.0
2025-09-30 04:06:23;17.0;25.0
2025-09-30 04:11:23;16.0;26.0
2025-09-30 04:16:23;15.2;18.0
2025-09-30 04:21:23;16.4;18.0
2025-09-30 04:26:23;16.0;23.0
2025-09-30 04:31:23;16.2;21.0
2025-09-30 04:36:23;14.6;26.0
2025-09-30 04:41:23;15.0;27.0
2025-09-30 04:46:23;17.0;24.0
2025-09-30 04:51:23;19.2;19.0
2025-09-30 04:56:23;17.0;25.0
2025-09-30 05:01:23;18.4;33.0
2025-09-30 05:06:23;17.8;36.0
2025-09-30 05:11:23;17.0;25.0
2025-09-30 05:16:23;16.6;26.0
2025-09-30 05:21:23;15.8;53.0
2025-09-30 05:26:23;13.8;57.0
2025-09-30 05:31:23;14.4;68.0
2025-09-30 05:36:23;15.4;28.0
2025-09-30 05:41:23;15.4;47.0
2025-09-30 05:46:23;17.4;31.0
2025-09-30 05:51:23;19.8;34.0
2025-09-30 05:56:23;16.2;36.0
2025-09-30 06:01:23;14.8;27.0
2025-09-30 06:06:23;18.2;25.0
2025-09-30 06:11:23;16.2;25.0
2025-09-30 06:16:23;16.6;29.0
2025-09-30 06:21:23;14.8;23.0
2025-09-30 06:26:23;16.4;33.0
